,emotion,path
0,disgust,archive/Train/Actor_11/03-01-07-01-01-01-11.wav
1,neutral,archive/Train/Actor_11/03-01-01-01-02-02-11.wav
2,disgust,archive/Train/Actor_11/03-01-07-02-02-01-11.wav
3,neutral,archive/Train/Actor_11/03-01-01-01-01-02-11.wav
4,disgust,archive/Train/Actor_11/03-01-07-02-01-01-11.wav
5,disgust,archive/Train/Actor_11/03-01-07-01-02-01-11.wav
6,fearful,archive/Train/Actor_11/03-01-06-02-02-01-11.wav
7,surprised,archive/Train/Actor_11/03-01-08-01-02-01-11.wav
8,surprised,archive/Train/Actor_11/03-01-08-02-01-01-11.wav
9,fearful,archive/Train/Actor_11/03-01-06-01-01-01-11.wav
10,surprised,archive/Train/Actor_11/03-01-08-02-02-01-11.wav
11,fearful,archive/Train/Actor_11/03-01-06-01-02-01-11.wav
12,fearful,archive/Train/Actor_11/03-01-06-02-01-01-11.wav
13,surprised,archive/Train/Actor_11/03-01-08-01-01-01-11.wav
14,angry,archive/Train/Actor_11/03-01-05-01-02-01-11.wav
15,happy,archive/Train/Actor_11/03-01-03-02-02-02-11.wav
16,happy,archive/Train/Actor_11/03-01-03-01-01-02-11.wav
17,angry,archive/Train/Actor_11/03-01-05-02-01-01-11.wav
18,happy,archive/Train/Actor_11/03-01-03-01-02-02-11.wav
19,angry,archive/Train/Actor_11/03-01-05-02-02-01-11.wav
20,angry,archive/Train/Actor_11/03-01-05-01-01-01-11.wav
21,happy,archive/Train/Actor_11/03-01-03-02-01-02-11.wav
22,sad,archive/Train/Actor_11/03-01-04-02-01-01-11.wav
23,calm,archive/Train/Actor_11/03-01-02-01-01-02-11.wav
24,calm,archive/Train/Actor_11/03-01-02-02-02-02-11.wav
25,sad,archive/Train/Actor_11/03-01-04-01-02-01-11.wav
26,calm,archive/Train/Actor_11/03-01-02-02-01-02-11.wav
27,sad,archive/Train/Actor_11/03-01-04-01-01-01-11.wav
28,sad,archive/Train/Actor_11/03-01-04-02-02-01-11.wav
29,calm,archive/Train/Actor_11/03-01-02-01-02-02-11.wav
30,calm,archive/Train/Actor_11/03-01-02-01-02-01-11.wav
31,sad,archive/Train/Actor_11/03-01-04-02-02-02-11.wav
32,sad,archive/Train/Actor_11/03-01-04-01-01-02-11.wav
33,calm,archive/Train/Actor_11/03-01-02-02-01-01-11.wav
34,sad,archive/Train/Actor_11/03-01-04-01-02-02-11.wav
35,calm,archive/Train/Actor_11/03-01-02-02-02-01-11.wav
36,calm,archive/Train/Actor_11/03-01-02-01-01-01-11.wav
37,sad,archive/Train/Actor_11/03-01-04-02-01-02-11.wav
38,happy,archive/Train/Actor_11/03-01-03-02-01-01-11.wav
39,angry,archive/Train/Actor_11/03-01-05-01-01-02-11.wav
40,angry,archive/Train/Actor_11/03-01-05-02-02-02-11.wav
41,happy,archive/Train/Actor_11/03-01-03-01-02-01-11.wav
42,angry,archive/Train/Actor_11/03-01-05-02-01-02-11.wav
43,happy,archive/Train/Actor_11/03-01-03-01-01-01-11.wav
44,happy,archive/Train/Actor_11/03-01-03-02-02-01-11.wav
45,angry,archive/Train/Actor_11/03-01-05-01-02-02-11.wav
46,surprised,archive/Train/Actor_11/03-01-08-01-01-02-11.wav
47,fearful,archive/Train/Actor_11/03-01-06-02-01-02-11.wav
48,fearful,archive/Train/Actor_11/03-01-06-01-02-02-11.wav
49,surprised,archive/Train/Actor_11/03-01-08-02-02-02-11.wav
50,fearful,archive/Train/Actor_11/03-01-06-01-01-02-11.wav
51,surprised,archive/Train/Actor_11/03-01-08-02-01-02-11.wav
52,surprised,archive/Train/Actor_11/03-01-08-01-02-02-11.wav
53,fearful,archive/Train/Actor_11/03-01-06-02-02-02-11.wav
54,disgust,archive/Train/Actor_11/03-01-07-01-02-02-11.wav
55,disgust,archive/Train/Actor_11/03-01-07-02-01-02-11.wav
56,neutral,archive/Train/Actor_11/03-01-01-01-01-01-11.wav
57,disgust,archive/Train/Actor_11/03-01-07-02-02-02-11.wav
58,neutral,archive/Train/Actor_11/03-01-01-01-02-01-11.wav
59,disgust,archive/Train/Actor_11/03-01-07-01-01-02-11.wav
60,surprised,archive/Train/Actor_23/03-01-08-02-01-02-23.wav
61,fearful,archive/Train/Actor_23/03-01-06-01-01-02-23.wav
62,fearful,archive/Train/Actor_23/03-01-06-02-02-02-23.wav
63,surprised,archive/Train/Actor_23/03-01-08-01-02-02-23.wav
64,fearful,archive/Train/Actor_23/03-01-06-02-01-02-23.wav
65,surprised,archive/Train/Actor_23/03-01-08-01-01-02-23.wav
66,surprised,archive/Train/Actor_23/03-01-08-02-02-02-23.wav
67,fearful,archive/Train/Actor_23/03-01-06-01-02-02-23.wav
68,neutral,archive/Train/Actor_23/03-01-01-01-02-01-23.wav
69,disgust,archive/Train/Actor_23/03-01-07-02-02-02-23.wav
70,disgust,archive/Train/Actor_23/03-01-07-01-01-02-23.wav
71,disgust,archive/Train/Actor_23/03-01-07-01-02-02-23.wav
72,neutral,archive/Train/Actor_23/03-01-01-01-01-01-23.wav
73,disgust,archive/Train/Actor_23/03-01-07-02-01-02-23.wav
74,calm,archive/Train/Actor_23/03-01-02-02-02-01-23.wav
75,sad,archive/Train/Actor_23/03-01-04-01-02-02-23.wav
76,sad,archive/Train/Actor_23/03-01-04-02-01-02-23.wav
77,calm,archive/Train/Actor_23/03-01-02-01-01-01-23.wav
78,sad,archive/Train/Actor_23/03-01-04-02-02-02-23.wav
79,calm,archive/Train/Actor_23/03-01-02-01-02-01-23.wav
80,calm,archive/Train/Actor_23/03-01-02-02-01-01-23.wav
81,sad,archive/Train/Actor_23/03-01-04-01-01-02-23.wav
82,happy,archive/Train/Actor_23/03-01-03-01-01-01-23.wav
83,angry,archive/Train/Actor_23/03-01-05-02-01-02-23.wav
84,angry,archive/Train/Actor_23/03-01-05-01-02-02-23.wav
85,happy,archive/Train/Actor_23/03-01-03-02-02-01-23.wav
86,angry,archive/Train/Actor_23/03-01-05-01-01-02-23.wav
87,happy,archive/Train/Actor_23/03-01-03-02-01-01-23.wav
88,happy,archive/Train/Actor_23/03-01-03-01-02-01-23.wav
89,angry,archive/Train/Actor_23/03-01-05-02-02-02-23.wav
90,angry,archive/Train/Actor_23/03-01-05-02-02-01-23.wav
91,happy,archive/Train/Actor_23/03-01-03-01-02-02-23.wav
92,happy,archive/Train/Actor_23/03-01-03-02-01-02-23.wav
93,angry,archive/Train/Actor_23/03-01-05-01-01-01-23.wav
94,happy,archive/Train/Actor_23/03-01-03-02-02-02-23.wav
95,angry,archive/Train/Actor_23/03-01-05-01-02-01-23.wav
96,angry,archive/Train/Actor_23/03-01-05-02-01-01-23.wav
97,happy,archive/Train/Actor_23/03-01-03-01-01-02-23.wav
98,sad,archive/Train/Actor_23/03-01-04-01-01-01-23.wav
99,calm,archive/Train/Actor_23/03-01-02-02-01-02-23.wav
100,calm,archive/Train/Actor_23/03-01-02-01-02-02-23.wav
101,sad,archive/Train/Actor_23/03-01-04-02-02-01-23.wav
102,calm,archive/Train/Actor_23/03-01-02-01-01-02-23.wav
103,sad,archive/Train/Actor_23/03-01-04-02-01-01-23.wav
104,sad,archive/Train/Actor_23/03-01-04-01-02-01-23.wav
105,calm,archive/Train/Actor_23/03-01-02-02-02-02-23.wav
106,disgust,archive/Train/Actor_23/03-01-07-02-01-01-23.wav
107,neutral,archive/Train/Actor_23/03-01-01-01-01-02-23.wav
108,disgust,archive/Train/Actor_23/03-01-07-01-02-01-23.wav
109,disgust,archive/Train/Actor_23/03-01-07-01-01-01-23.wav
110,disgust,archive/Train/Actor_23/03-01-07-02-02-01-23.wav
111,neutral,archive/Train/Actor_23/03-01-01-01-02-02-23.wav
112,fearful,archive/Train/Actor_23/03-01-06-01-02-01-23.wav
113,surprised,archive/Train/Actor_23/03-01-08-02-02-01-23.wav
114,surprised,archive/Train/Actor_23/03-01-08-01-01-01-23.wav
115,fearful,archive/Train/Actor_23/03-01-06-02-01-01-23.wav
116,surprised,archive/Train/Actor_23/03-01-08-01-02-01-23.wav
117,fearful,archive/Train/Actor_23/03-01-06-02-02-01-23.wav
118,fearful,archive/Train/Actor_23/03-01-06-01-01-01-23.wav
119,surprised,archive/Train/Actor_23/03-01-08-02-01-01-23.wav
120,sad,archive/Train/Actor_08/03-01-04-02-01-02-08.wav
121,calm,archive/Train/Actor_08/03-01-02-01-01-01-08.wav
122,calm,archive/Train/Actor_08/03-01-02-02-02-01-08.wav
123,sad,archive/Train/Actor_08/03-01-04-01-02-02-08.wav
124,calm,archive/Train/Actor_08/03-01-02-02-01-01-08.wav
125,sad,archive/Train/Actor_08/03-01-04-01-01-02-08.wav
126,sad,archive/Train/Actor_08/03-01-04-02-02-02-08.wav
127,calm,archive/Train/Actor_08/03-01-02-01-02-01-08.wav
128,angry,archive/Train/Actor_08/03-01-05-01-02-02-08.wav
129,happy,archive/Train/Actor_08/03-01-03-02-02-01-08.wav
130,happy,archive/Train/Actor_08/03-01-03-01-01-01-08.wav
131,angry,archive/Train/Actor_08/03-01-05-02-01-02-08.wav
132,happy,archive/Train/Actor_08/03-01-03-01-02-01-08.wav
133,angry,archive/Train/Actor_08/03-01-05-02-02-02-08.wav
134,angry,archive/Train/Actor_08/03-01-05-01-01-02-08.wav
135,happy,archive/Train/Actor_08/03-01-03-02-01-01-08.wav
136,fearful,archive/Train/Actor_08/03-01-06-02-02-02-08.wav
137,surprised,archive/Train/Actor_08/03-01-08-01-02-02-08.wav
138,surprised,archive/Train/Actor_08/03-01-08-02-01-02-08.wav
139,fearful,archive/Train/Actor_08/03-01-06-01-01-02-08.wav
140,surprised,archive/Train/Actor_08/03-01-08-02-02-02-08.wav
141,fearful,archive/Train/Actor_08/03-01-06-01-02-02-08.wav
142,fearful,archive/Train/Actor_08/03-01-06-02-01-02-08.wav
143,surprised,archive/Train/Actor_08/03-01-08-01-01-02-08.wav
144,disgust,archive/Train/Actor_08/03-01-07-01-01-02-08.wav
145,neutral,archive/Train/Actor_08/03-01-01-01-02-01-08.wav
146,disgust,archive/Train/Actor_08/03-01-07-02-02-02-08.wav
147,neutral,archive/Train/Actor_08/03-01-01-01-01-01-08.wav
148,disgust,archive/Train/Actor_08/03-01-07-02-01-02-08.wav
149,disgust,archive/Train/Actor_08/03-01-07-01-02-02-08.wav
150,disgust,archive/Train/Actor_08/03-01-07-01-02-01-08.wav
151,disgust,archive/Train/Actor_08/03-01-07-02-01-01-08.wav
152,neutral,archive/Train/Actor_08/03-01-01-01-01-02-08.wav
153,disgust,archive/Train/Actor_08/03-01-07-02-02-01-08.wav
154,neutral,archive/Train/Actor_08/03-01-01-01-02-02-08.wav
155,disgust,archive/Train/Actor_08/03-01-07-01-01-01-08.wav
156,surprised,archive/Train/Actor_08/03-01-08-01-01-01-08.wav
157,fearful,archive/Train/Actor_08/03-01-06-02-01-01-08.wav
158,fearful,archive/Train/Actor_08/03-01-06-01-02-01-08.wav
159,surprised,archive/Train/Actor_08/03-01-08-02-02-01-08.wav
160,fearful,archive/Train/Actor_08/03-01-06-01-01-01-08.wav
161,surprised,archive/Train/Actor_08/03-01-08-02-01-01-08.wav
162,surprised,archive/Train/Actor_08/03-01-08-01-02-01-08.wav
163,fearful,archive/Train/Actor_08/03-01-06-02-02-01-08.wav
164,happy,archive/Train/Actor_08/03-01-03-02-01-02-08.wav
165,angry,archive/Train/Actor_08/03-01-05-01-01-01-08.wav
166,angry,archive/Train/Actor_08/03-01-05-02-02-01-08.wav
167,happy,archive/Train/Actor_08/03-01-03-01-02-02-08.wav
168,angry,archive/Train/Actor_08/03-01-05-02-01-01-08.wav
169,happy,archive/Train/Actor_08/03-01-03-01-01-02-08.wav
170,happy,archive/Train/Actor_08/03-01-03-02-02-02-08.wav
171,angry,archive/Train/Actor_08/03-01-05-01-02-01-08.wav
172,calm,archive/Train/Actor_08/03-01-02-01-02-02-08.wav
173,sad,archive/Train/Actor_08/03-01-04-02-02-01-08.wav
174,sad,archive/Train/Actor_08/03-01-04-01-01-01-08.wav
175,calm,archive/Train/Actor_08/03-01-02-02-01-02-08.wav
176,sad,archive/Train/Actor_08/03-01-04-01-02-01-08.wav
177,calm,archive/Train/Actor_08/03-01-02-02-02-02-08.wav
178,calm,archive/Train/Actor_08/03-01-02-01-01-02-08.wav
179,sad,archive/Train/Actor_08/03-01-04-02-01-01-08.wav
180,angry,archive/Train/Actor_02/03-01-05-01-02-02-02.wav
181,happy,archive/Train/Actor_02/03-01-03-02-02-01-02.wav
182,happy,archive/Train/Actor_02/03-01-03-01-01-01-02.wav
183,angry,archive/Train/Actor_02/03-01-05-02-01-02-02.wav
184,happy,archive/Train/Actor_02/03-01-03-01-02-01-02.wav
185,angry,archive/Train/Actor_02/03-01-05-02-02-02-02.wav
186,angry,archive/Train/Actor_02/03-01-05-01-01-02-02.wav
187,happy,archive/Train/Actor_02/03-01-03-02-01-01-02.wav
188,sad,archive/Train/Actor_02/03-01-04-02-01-02-02.wav
189,calm,archive/Train/Actor_02/03-01-02-01-01-01-02.wav
190,calm,archive/Train/Actor_02/03-01-02-02-02-01-02.wav
191,sad,archive/Train/Actor_02/03-01-04-01-02-02-02.wav
192,calm,archive/Train/Actor_02/03-01-02-02-01-01-02.wav
193,sad,archive/Train/Actor_02/03-01-04-01-01-02-02.wav
194,sad,archive/Train/Actor_02/03-01-04-02-02-02-02.wav
195,calm,archive/Train/Actor_02/03-01-02-01-02-01-02.wav
196,disgust,archive/Train/Actor_02/03-01-07-01-01-02-02.wav
197,neutral,archive/Train/Actor_02/03-01-01-01-02-01-02.wav
198,disgust,archive/Train/Actor_02/03-01-07-02-02-02-02.wav
199,neutral,archive/Train/Actor_02/03-01-01-01-01-01-02.wav
200,disgust,archive/Train/Actor_02/03-01-07-02-01-02-02.wav
201,disgust,archive/Train/Actor_02/03-01-07-01-02-02-02.wav
202,fearful,archive/Train/Actor_02/03-01-06-02-02-02-02.wav
203,surprised,archive/Train/Actor_02/03-01-08-01-02-02-02.wav
204,surprised,archive/Train/Actor_02/03-01-08-02-01-02-02.wav
205,fearful,archive/Train/Actor_02/03-01-06-01-01-02-02.wav
206,surprised,archive/Train/Actor_02/03-01-08-02-02-02-02.wav
207,fearful,archive/Train/Actor_02/03-01-06-01-02-02-02.wav
208,fearful,archive/Train/Actor_02/03-01-06-02-01-02-02.wav
209,surprised,archive/Train/Actor_02/03-01-08-01-01-02-02.wav
210,surprised,archive/Train/Actor_02/03-01-08-01-01-01-02.wav
211,fearful,archive/Train/Actor_02/03-01-06-02-01-01-02.wav
212,fearful,archive/Train/Actor_02/03-01-06-01-02-01-02.wav
213,surprised,archive/Train/Actor_02/03-01-08-02-02-01-02.wav
214,fearful,archive/Train/Actor_02/03-01-06-01-01-01-02.wav
215,surprised,archive/Train/Actor_02/03-01-08-02-01-01-02.wav
216,surprised,archive/Train/Actor_02/03-01-08-01-02-01-02.wav
217,fearful,archive/Train/Actor_02/03-01-06-02-02-01-02.wav
218,disgust,archive/Train/Actor_02/03-01-07-01-02-01-02.wav
219,disgust,archive/Train/Actor_02/03-01-07-02-01-01-02.wav
220,neutral,archive/Train/Actor_02/03-01-01-01-01-02-02.wav
221,disgust,archive/Train/Actor_02/03-01-07-02-02-01-02.wav
222,neutral,archive/Train/Actor_02/03-01-01-01-02-02-02.wav
223,disgust,archive/Train/Actor_02/03-01-07-01-01-01-02.wav
224,calm,archive/Train/Actor_02/03-01-02-01-02-02-02.wav
225,sad,archive/Train/Actor_02/03-01-04-02-02-01-02.wav
226,sad,archive/Train/Actor_02/03-01-04-01-01-01-02.wav
227,calm,archive/Train/Actor_02/03-01-02-02-01-02-02.wav
228,sad,archive/Train/Actor_02/03-01-04-01-02-01-02.wav
229,calm,archive/Train/Actor_02/03-01-02-02-02-02-02.wav
230,calm,archive/Train/Actor_02/03-01-02-01-01-02-02.wav
231,sad,archive/Train/Actor_02/03-01-04-02-01-01-02.wav
232,happy,archive/Train/Actor_02/03-01-03-02-01-02-02.wav
233,angry,archive/Train/Actor_02/03-01-05-01-01-01-02.wav
234,angry,archive/Train/Actor_02/03-01-05-02-02-01-02.wav
235,happy,archive/Train/Actor_02/03-01-03-01-02-02-02.wav
236,angry,archive/Train/Actor_02/03-01-05-02-01-01-02.wav
237,happy,archive/Train/Actor_02/03-01-03-01-01-02-02.wav
238,happy,archive/Train/Actor_02/03-01-03-02-02-02-02.wav
239,angry,archive/Train/Actor_02/03-01-05-01-02-01-02.wav
240,fearful,archive/Train/Actor_05/03-01-06-01-02-01-05.wav
241,surprised,archive/Train/Actor_05/03-01-08-02-02-01-05.wav
242,surprised,archive/Train/Actor_05/03-01-08-01-01-01-05.wav
243,fearful,archive/Train/Actor_05/03-01-06-02-01-01-05.wav
244,surprised,archive/Train/Actor_05/03-01-08-01-02-01-05.wav
245,fearful,archive/Train/Actor_05/03-01-06-02-02-01-05.wav
246,fearful,archive/Train/Actor_05/03-01-06-01-01-01-05.wav
247,surprised,archive/Train/Actor_05/03-01-08-02-01-01-05.wav
248,disgust,archive/Train/Actor_05/03-01-07-02-01-01-05.wav
249,neutral,archive/Train/Actor_05/03-01-01-01-01-02-05.wav
250,disgust,archive/Train/Actor_05/03-01-07-01-02-01-05.wav
251,disgust,archive/Train/Actor_05/03-01-07-01-01-01-05.wav
252,disgust,archive/Train/Actor_05/03-01-07-02-02-01-05.wav
253,neutral,archive/Train/Actor_05/03-01-01-01-02-02-05.wav
254,sad,archive/Train/Actor_05/03-01-04-01-01-01-05.wav
255,calm,archive/Train/Actor_05/03-01-02-02-01-02-05.wav
256,calm,archive/Train/Actor_05/03-01-02-01-02-02-05.wav
257,sad,archive/Train/Actor_05/03-01-04-02-02-01-05.wav
258,calm,archive/Train/Actor_05/03-01-02-01-01-02-05.wav
259,sad,archive/Train/Actor_05/03-01-04-02-01-01-05.wav
260,sad,archive/Train/Actor_05/03-01-04-01-02-01-05.wav
261,calm,archive/Train/Actor_05/03-01-02-02-02-02-05.wav
262,angry,archive/Train/Actor_05/03-01-05-02-02-01-05.wav
263,happy,archive/Train/Actor_05/03-01-03-01-02-02-05.wav
264,happy,archive/Train/Actor_05/03-01-03-02-01-02-05.wav
265,angry,archive/Train/Actor_05/03-01-05-01-01-01-05.wav
266,happy,archive/Train/Actor_05/03-01-03-02-02-02-05.wav
267,angry,archive/Train/Actor_05/03-01-05-01-02-01-05.wav
268,angry,archive/Train/Actor_05/03-01-05-02-01-01-05.wav
269,happy,archive/Train/Actor_05/03-01-03-01-01-02-05.wav
270,happy,archive/Train/Actor_05/03-01-03-01-01-01-05.wav
271,angry,archive/Train/Actor_05/03-01-05-02-01-02-05.wav
272,angry,archive/Train/Actor_05/03-01-05-01-02-02-05.wav
273,happy,archive/Train/Actor_05/03-01-03-02-02-01-05.wav
274,angry,archive/Train/Actor_05/03-01-05-01-01-02-05.wav
275,happy,archive/Train/Actor_05/03-01-03-02-01-01-05.wav
276,happy,archive/Train/Actor_05/03-01-03-01-02-01-05.wav
277,angry,archive/Train/Actor_05/03-01-05-02-02-02-05.wav
278,calm,archive/Train/Actor_05/03-01-02-02-02-01-05.wav
279,sad,archive/Train/Actor_05/03-01-04-01-02-02-05.wav
280,sad,archive/Train/Actor_05/03-01-04-02-01-02-05.wav
281,calm,archive/Train/Actor_05/03-01-02-01-01-01-05.wav
282,sad,archive/Train/Actor_05/03-01-04-02-02-02-05.wav
283,calm,archive/Train/Actor_05/03-01-02-01-02-01-05.wav
284,calm,archive/Train/Actor_05/03-01-02-02-01-01-05.wav
285,sad,archive/Train/Actor_05/03-01-04-01-01-02-05.wav
286,neutral,archive/Train/Actor_05/03-01-01-01-02-01-05.wav
287,disgust,archive/Train/Actor_05/03-01-07-02-02-02-05.wav
288,disgust,archive/Train/Actor_05/03-01-07-01-01-02-05.wav
289,disgust,archive/Train/Actor_05/03-01-07-01-02-02-05.wav
290,neutral,archive/Train/Actor_05/03-01-01-01-01-01-05.wav
291,disgust,archive/Train/Actor_05/03-01-07-02-01-02-05.wav
292,surprised,archive/Train/Actor_05/03-01-08-02-01-02-05.wav
293,fearful,archive/Train/Actor_05/03-01-06-01-01-02-05.wav
294,fearful,archive/Train/Actor_05/03-01-06-02-02-02-05.wav
295,surprised,archive/Train/Actor_05/03-01-08-01-02-02-05.wav
296,fearful,archive/Train/Actor_05/03-01-06-02-01-02-05.wav
297,surprised,archive/Train/Actor_05/03-01-08-01-01-02-05.wav
298,surprised,archive/Train/Actor_05/03-01-08-02-02-02-05.wav
299,fearful,archive/Train/Actor_05/03-01-06-01-02-02-05.wav
300,happy,archive/Train/Actor_24/03-01-03-01-01-02-24.wav
301,angry,archive/Train/Actor_24/03-01-05-02-01-01-24.wav
302,angry,archive/Train/Actor_24/03-01-05-01-02-01-24.wav
303,happy,archive/Train/Actor_24/03-01-03-02-02-02-24.wav
304,angry,archive/Train/Actor_24/03-01-05-01-01-01-24.wav
305,happy,archive/Train/Actor_24/03-01-03-02-01-02-24.wav
306,happy,archive/Train/Actor_24/03-01-03-01-02-02-24.wav
307,angry,archive/Train/Actor_24/03-01-05-02-02-01-24.wav
308,calm,archive/Train/Actor_24/03-01-02-02-02-02-24.wav
309,sad,archive/Train/Actor_24/03-01-04-01-02-01-24.wav
310,sad,archive/Train/Actor_24/03-01-04-02-01-01-24.wav
311,calm,archive/Train/Actor_24/03-01-02-01-01-02-24.wav
312,sad,archive/Train/Actor_24/03-01-04-02-02-01-24.wav
313,calm,archive/Train/Actor_24/03-01-02-01-02-02-24.wav
314,calm,archive/Train/Actor_24/03-01-02-02-01-02-24.wav
315,sad,archive/Train/Actor_24/03-01-04-01-01-01-24.wav
316,neutral,archive/Train/Actor_24/03-01-01-01-02-02-24.wav
317,disgust,archive/Train/Actor_24/03-01-07-02-02-01-24.wav
318,disgust,archive/Train/Actor_24/03-01-07-01-01-01-24.wav
319,disgust,archive/Train/Actor_24/03-01-07-01-02-01-24.wav
320,neutral,archive/Train/Actor_24/03-01-01-01-01-02-24.wav
321,disgust,archive/Train/Actor_24/03-01-07-02-01-01-24.wav
322,surprised,archive/Train/Actor_24/03-01-08-02-01-01-24.wav
323,fearful,archive/Train/Actor_24/03-01-06-01-01-01-24.wav
324,fearful,archive/Train/Actor_24/03-01-06-02-02-01-24.wav
325,surprised,archive/Train/Actor_24/03-01-08-01-02-01-24.wav
326,fearful,archive/Train/Actor_24/03-01-06-02-01-01-24.wav
327,surprised,archive/Train/Actor_24/03-01-08-01-01-01-24.wav
328,surprised,archive/Train/Actor_24/03-01-08-02-02-01-24.wav
329,fearful,archive/Train/Actor_24/03-01-06-01-02-01-24.wav
330,fearful,archive/Train/Actor_24/03-01-06-01-02-02-24.wav
331,surprised,archive/Train/Actor_24/03-01-08-02-02-02-24.wav
332,surprised,archive/Train/Actor_24/03-01-08-01-01-02-24.wav
333,fearful,archive/Train/Actor_24/03-01-06-02-01-02-24.wav
334,surprised,archive/Train/Actor_24/03-01-08-01-02-02-24.wav
335,fearful,archive/Train/Actor_24/03-01-06-02-02-02-24.wav
336,fearful,archive/Train/Actor_24/03-01-06-01-01-02-24.wav
337,surprised,archive/Train/Actor_24/03-01-08-02-01-02-24.wav
338,disgust,archive/Train/Actor_24/03-01-07-02-01-02-24.wav
339,neutral,archive/Train/Actor_24/03-01-01-01-01-01-24.wav
340,disgust,archive/Train/Actor_24/03-01-07-01-02-02-24.wav
341,disgust,archive/Train/Actor_24/03-01-07-01-01-02-24.wav
342,disgust,archive/Train/Actor_24/03-01-07-02-02-02-24.wav
343,neutral,archive/Train/Actor_24/03-01-01-01-02-01-24.wav
344,sad,archive/Train/Actor_24/03-01-04-01-01-02-24.wav
345,calm,archive/Train/Actor_24/03-01-02-02-01-01-24.wav
346,calm,archive/Train/Actor_24/03-01-02-01-02-01-24.wav
347,sad,archive/Train/Actor_24/03-01-04-02-02-02-24.wav
348,calm,archive/Train/Actor_24/03-01-02-01-01-01-24.wav
349,sad,archive/Train/Actor_24/03-01-04-02-01-02-24.wav
350,sad,archive/Train/Actor_24/03-01-04-01-02-02-24.wav
351,calm,archive/Train/Actor_24/03-01-02-02-02-01-24.wav
352,angry,archive/Train/Actor_24/03-01-05-02-02-02-24.wav
353,happy,archive/Train/Actor_24/03-01-03-01-02-01-24.wav
354,happy,archive/Train/Actor_24/03-01-03-02-01-01-24.wav
355,angry,archive/Train/Actor_24/03-01-05-01-01-02-24.wav
356,happy,archive/Train/Actor_24/03-01-03-02-02-01-24.wav
357,angry,archive/Train/Actor_24/03-01-05-01-02-02-24.wav
358,angry,archive/Train/Actor_24/03-01-05-02-01-02-24.wav
359,happy,archive/Train/Actor_24/03-01-03-01-01-01-24.wav
360,disgust,archive/Train/Actor_16/03-01-07-02-01-02-16.wav
361,neutral,archive/Train/Actor_16/03-01-01-01-01-01-16.wav
362,disgust,archive/Train/Actor_16/03-01-07-01-02-02-16.wav
363,disgust,archive/Train/Actor_16/03-01-07-01-01-02-16.wav
364,disgust,archive/Train/Actor_16/03-01-07-02-02-02-16.wav
365,neutral,archive/Train/Actor_16/03-01-01-01-02-01-16.wav
366,fearful,archive/Train/Actor_16/03-01-06-01-02-02-16.wav
367,surprised,archive/Train/Actor_16/03-01-08-02-02-02-16.wav
368,surprised,archive/Train/Actor_16/03-01-08-01-01-02-16.wav
369,fearful,archive/Train/Actor_16/03-01-06-02-01-02-16.wav
370,surprised,archive/Train/Actor_16/03-01-08-01-02-02-16.wav
371,fearful,archive/Train/Actor_16/03-01-06-02-02-02-16.wav
372,fearful,archive/Train/Actor_16/03-01-06-01-01-02-16.wav
373,surprised,archive/Train/Actor_16/03-01-08-02-01-02-16.wav
374,angry,archive/Train/Actor_16/03-01-05-02-02-02-16.wav
375,happy,archive/Train/Actor_16/03-01-03-01-02-01-16.wav
376,happy,archive/Train/Actor_16/03-01-03-02-01-01-16.wav
377,angry,archive/Train/Actor_16/03-01-05-01-01-02-16.wav
378,happy,archive/Train/Actor_16/03-01-03-02-02-01-16.wav
379,angry,archive/Train/Actor_16/03-01-05-01-02-02-16.wav
380,angry,archive/Train/Actor_16/03-01-05-02-01-02-16.wav
381,happy,archive/Train/Actor_16/03-01-03-01-01-01-16.wav
382,sad,archive/Train/Actor_16/03-01-04-01-01-02-16.wav
383,calm,archive/Train/Actor_16/03-01-02-02-01-01-16.wav
384,calm,archive/Train/Actor_16/03-01-02-01-02-01-16.wav
385,sad,archive/Train/Actor_16/03-01-04-02-02-02-16.wav
386,calm,archive/Train/Actor_16/03-01-02-01-01-01-16.wav
387,sad,archive/Train/Actor_16/03-01-04-02-01-02-16.wav
388,sad,archive/Train/Actor_16/03-01-04-01-02-02-16.wav
389,calm,archive/Train/Actor_16/03-01-02-02-02-01-16.wav
390,calm,archive/Train/Actor_16/03-01-02-02-02-02-16.wav
391,sad,archive/Train/Actor_16/03-01-04-01-02-01-16.wav
392,sad,archive/Train/Actor_16/03-01-04-02-01-01-16.wav
393,calm,archive/Train/Actor_16/03-01-02-01-01-02-16.wav
394,sad,archive/Train/Actor_16/03-01-04-02-02-01-16.wav
395,calm,archive/Train/Actor_16/03-01-02-01-02-02-16.wav
396,calm,archive/Train/Actor_16/03-01-02-02-01-02-16.wav
397,sad,archive/Train/Actor_16/03-01-04-01-01-01-16.wav
398,happy,archive/Train/Actor_16/03-01-03-01-01-02-16.wav
399,angry,archive/Train/Actor_16/03-01-05-02-01-01-16.wav
400,angry,archive/Train/Actor_16/03-01-05-01-02-01-16.wav
401,happy,archive/Train/Actor_16/03-01-03-02-02-02-16.wav
402,angry,archive/Train/Actor_16/03-01-05-01-01-01-16.wav
403,happy,archive/Train/Actor_16/03-01-03-02-01-02-16.wav
404,happy,archive/Train/Actor_16/03-01-03-01-02-02-16.wav
405,angry,archive/Train/Actor_16/03-01-05-02-02-01-16.wav
406,surprised,archive/Train/Actor_16/03-01-08-02-01-01-16.wav
407,fearful,archive/Train/Actor_16/03-01-06-01-01-01-16.wav
408,fearful,archive/Train/Actor_16/03-01-06-02-02-01-16.wav
409,surprised,archive/Train/Actor_16/03-01-08-01-02-01-16.wav
410,fearful,archive/Train/Actor_16/03-01-06-02-01-01-16.wav
411,surprised,archive/Train/Actor_16/03-01-08-01-01-01-16.wav
412,surprised,archive/Train/Actor_16/03-01-08-02-02-01-16.wav
413,fearful,archive/Train/Actor_16/03-01-06-01-02-01-16.wav
414,neutral,archive/Train/Actor_16/03-01-01-01-02-02-16.wav
415,disgust,archive/Train/Actor_16/03-01-07-02-02-01-16.wav
416,disgust,archive/Train/Actor_16/03-01-07-01-01-01-16.wav
417,disgust,archive/Train/Actor_16/03-01-07-01-02-01-16.wav
418,neutral,archive/Train/Actor_16/03-01-01-01-01-02-16.wav
419,disgust,archive/Train/Actor_16/03-01-07-02-01-01-16.wav
420,angry,archive/Train/Actor_18/03-01-05-02-01-02-18.wav
421,happy,archive/Train/Actor_18/03-01-03-01-01-01-18.wav
422,happy,archive/Train/Actor_18/03-01-03-02-02-01-18.wav
423,angry,archive/Train/Actor_18/03-01-05-01-02-02-18.wav
424,happy,archive/Train/Actor_18/03-01-03-02-01-01-18.wav
425,angry,archive/Train/Actor_18/03-01-05-01-01-02-18.wav
426,angry,archive/Train/Actor_18/03-01-05-02-02-02-18.wav
427,happy,archive/Train/Actor_18/03-01-03-01-02-01-18.wav
428,sad,archive/Train/Actor_18/03-01-04-01-02-02-18.wav
429,calm,archive/Train/Actor_18/03-01-02-02-02-01-18.wav
430,calm,archive/Train/Actor_18/03-01-02-01-01-01-18.wav
431,sad,archive/Train/Actor_18/03-01-04-02-01-02-18.wav
432,calm,archive/Train/Actor_18/03-01-02-01-02-01-18.wav
433,sad,archive/Train/Actor_18/03-01-04-02-02-02-18.wav
434,sad,archive/Train/Actor_18/03-01-04-01-01-02-18.wav
435,calm,archive/Train/Actor_18/03-01-02-02-01-01-18.wav
436,disgust,archive/Train/Actor_18/03-01-07-02-02-02-18.wav
437,neutral,archive/Train/Actor_18/03-01-01-01-02-01-18.wav
438,disgust,archive/Train/Actor_18/03-01-07-01-01-02-18.wav
439,disgust,archive/Train/Actor_18/03-01-07-01-02-02-18.wav
440,disgust,archive/Train/Actor_18/03-01-07-02-01-02-18.wav
441,neutral,archive/Train/Actor_18/03-01-01-01-01-01-18.wav
442,fearful,archive/Train/Actor_18/03-01-06-01-01-02-18.wav
443,surprised,archive/Train/Actor_18/03-01-08-02-01-02-18.wav
444,surprised,archive/Train/Actor_18/03-01-08-01-02-02-18.wav
445,fearful,archive/Train/Actor_18/03-01-06-02-02-02-18.wav
446,surprised,archive/Train/Actor_18/03-01-08-01-01-02-18.wav
447,fearful,archive/Train/Actor_18/03-01-06-02-01-02-18.wav
448,fearful,archive/Train/Actor_18/03-01-06-01-02-02-18.wav
449,surprised,archive/Train/Actor_18/03-01-08-02-02-02-18.wav
450,surprised,archive/Train/Actor_18/03-01-08-02-02-01-18.wav
451,fearful,archive/Train/Actor_18/03-01-06-01-02-01-18.wav
452,fearful,archive/Train/Actor_18/03-01-06-02-01-01-18.wav
453,surprised,archive/Train/Actor_18/03-01-08-01-01-01-18.wav
454,fearful,archive/Train/Actor_18/03-01-06-02-02-01-18.wav
455,surprised,archive/Train/Actor_18/03-01-08-01-02-01-18.wav
456,surprised,archive/Train/Actor_18/03-01-08-02-01-01-18.wav
457,fearful,archive/Train/Actor_18/03-01-06-01-01-01-18.wav
458,neutral,archive/Train/Actor_18/03-01-01-01-01-02-18.wav
459,disgust,archive/Train/Actor_18/03-01-07-02-01-01-18.wav
460,disgust,archive/Train/Actor_18/03-01-07-01-02-01-18.wav
461,disgust,archive/Train/Actor_18/03-01-07-01-01-01-18.wav
462,neutral,archive/Train/Actor_18/03-01-01-01-02-02-18.wav
463,disgust,archive/Train/Actor_18/03-01-07-02-02-01-18.wav
464,calm,archive/Train/Actor_18/03-01-02-02-01-02-18.wav
465,sad,archive/Train/Actor_18/03-01-04-01-01-01-18.wav
466,sad,archive/Train/Actor_18/03-01-04-02-02-01-18.wav
467,calm,archive/Train/Actor_18/03-01-02-01-02-02-18.wav
468,sad,archive/Train/Actor_18/03-01-04-02-01-01-18.wav
469,calm,archive/Train/Actor_18/03-01-02-01-01-02-18.wav
470,calm,archive/Train/Actor_18/03-01-02-02-02-02-18.wav
471,sad,archive/Train/Actor_18/03-01-04-01-02-01-18.wav
472,happy,archive/Train/Actor_18/03-01-03-01-02-02-18.wav
473,angry,archive/Train/Actor_18/03-01-05-02-02-01-18.wav
474,angry,archive/Train/Actor_18/03-01-05-01-01-01-18.wav
475,happy,archive/Train/Actor_18/03-01-03-02-01-02-18.wav
476,angry,archive/Train/Actor_18/03-01-05-01-02-01-18.wav
477,happy,archive/Train/Actor_18/03-01-03-02-02-02-18.wav
478,happy,archive/Train/Actor_18/03-01-03-01-01-02-18.wav
479,angry,archive/Train/Actor_18/03-01-05-02-01-01-18.wav
480,angry,archive/Train/Actor_12/03-01-05-02-02-01-12.wav
481,happy,archive/Train/Actor_12/03-01-03-01-02-02-12.wav
482,happy,archive/Train/Actor_12/03-01-03-02-01-02-12.wav
483,angry,archive/Train/Actor_12/03-01-05-01-01-01-12.wav
484,happy,archive/Train/Actor_12/03-01-03-02-02-02-12.wav
485,angry,archive/Train/Actor_12/03-01-05-01-02-01-12.wav
486,angry,archive/Train/Actor_12/03-01-05-02-01-01-12.wav
487,happy,archive/Train/Actor_12/03-01-03-01-01-02-12.wav
488,sad,archive/Train/Actor_12/03-01-04-01-01-01-12.wav
489,calm,archive/Train/Actor_12/03-01-02-02-01-02-12.wav
490,calm,archive/Train/Actor_12/03-01-02-01-02-02-12.wav
491,sad,archive/Train/Actor_12/03-01-04-02-02-01-12.wav
492,calm,archive/Train/Actor_12/03-01-02-01-01-02-12.wav
493,sad,archive/Train/Actor_12/03-01-04-02-01-01-12.wav
494,sad,archive/Train/Actor_12/03-01-04-01-02-01-12.wav
495,calm,archive/Train/Actor_12/03-01-02-02-02-02-12.wav
496,disgust,archive/Train/Actor_12/03-01-07-02-01-01-12.wav
497,neutral,archive/Train/Actor_12/03-01-01-01-01-02-12.wav
498,disgust,archive/Train/Actor_12/03-01-07-01-02-01-12.wav
499,disgust,archive/Train/Actor_12/03-01-07-01-01-01-12.wav
500,disgust,archive/Train/Actor_12/03-01-07-02-02-01-12.wav
501,neutral,archive/Train/Actor_12/03-01-01-01-02-02-12.wav
502,fearful,archive/Train/Actor_12/03-01-06-01-02-01-12.wav
503,surprised,archive/Train/Actor_12/03-01-08-02-02-01-12.wav
504,surprised,archive/Train/Actor_12/03-01-08-01-01-01-12.wav
505,fearful,archive/Train/Actor_12/03-01-06-02-01-01-12.wav
506,surprised,archive/Train/Actor_12/03-01-08-01-02-01-12.wav
507,fearful,archive/Train/Actor_12/03-01-06-02-02-01-12.wav
508,fearful,archive/Train/Actor_12/03-01-06-01-01-01-12.wav
509,surprised,archive/Train/Actor_12/03-01-08-02-01-01-12.wav
510,surprised,archive/Train/Actor_12/03-01-08-02-01-02-12.wav
511,fearful,archive/Train/Actor_12/03-01-06-01-01-02-12.wav
512,fearful,archive/Train/Actor_12/03-01-06-02-02-02-12.wav
513,surprised,archive/Train/Actor_12/03-01-08-01-02-02-12.wav
514,fearful,archive/Train/Actor_12/03-01-06-02-01-02-12.wav
515,surprised,archive/Train/Actor_12/03-01-08-01-01-02-12.wav
516,surprised,archive/Train/Actor_12/03-01-08-02-02-02-12.wav
517,fearful,archive/Train/Actor_12/03-01-06-01-02-02-12.wav
518,neutral,archive/Train/Actor_12/03-01-01-01-02-01-12.wav
519,disgust,archive/Train/Actor_12/03-01-07-02-02-02-12.wav
520,disgust,archive/Train/Actor_12/03-01-07-01-01-02-12.wav
521,disgust,archive/Train/Actor_12/03-01-07-01-02-02-12.wav
522,neutral,archive/Train/Actor_12/03-01-01-01-01-01-12.wav
523,disgust,archive/Train/Actor_12/03-01-07-02-01-02-12.wav
524,calm,archive/Train/Actor_12/03-01-02-02-02-01-12.wav
525,sad,archive/Train/Actor_12/03-01-04-01-02-02-12.wav
526,sad,archive/Train/Actor_12/03-01-04-02-01-02-12.wav
527,calm,archive/Train/Actor_12/03-01-02-01-01-01-12.wav
528,sad,archive/Train/Actor_12/03-01-04-02-02-02-12.wav
529,calm,archive/Train/Actor_12/03-01-02-01-02-01-12.wav
530,calm,archive/Train/Actor_12/03-01-02-02-01-01-12.wav
531,sad,archive/Train/Actor_12/03-01-04-01-01-02-12.wav
532,happy,archive/Train/Actor_12/03-01-03-01-01-01-12.wav
533,angry,archive/Train/Actor_12/03-01-05-02-01-02-12.wav
534,angry,archive/Train/Actor_12/03-01-05-01-02-02-12.wav
535,happy,archive/Train/Actor_12/03-01-03-02-02-01-12.wav
536,angry,archive/Train/Actor_12/03-01-05-01-01-02-12.wav
537,happy,archive/Train/Actor_12/03-01-03-02-01-01-12.wav
538,happy,archive/Train/Actor_12/03-01-03-01-02-01-12.wav
539,angry,archive/Train/Actor_12/03-01-05-02-02-02-12.wav
540,sad,archive/Train/Actor_20/03-01-04-02-02-01-20.wav
541,calm,archive/Train/Actor_20/03-01-02-01-02-02-20.wav
542,calm,archive/Train/Actor_20/03-01-02-02-01-02-20.wav
543,sad,archive/Train/Actor_20/03-01-04-01-01-01-20.wav
544,calm,archive/Train/Actor_20/03-01-02-02-02-02-20.wav
545,sad,archive/Train/Actor_20/03-01-04-01-02-01-20.wav
546,sad,archive/Train/Actor_20/03-01-04-02-01-01-20.wav
547,calm,archive/Train/Actor_20/03-01-02-01-01-02-20.wav
548,angry,archive/Train/Actor_20/03-01-05-01-01-01-20.wav
549,happy,archive/Train/Actor_20/03-01-03-02-01-02-20.wav
550,happy,archive/Train/Actor_20/03-01-03-01-02-02-20.wav
551,angry,archive/Train/Actor_20/03-01-05-02-02-01-20.wav
552,happy,archive/Train/Actor_20/03-01-03-01-01-02-20.wav
553,angry,archive/Train/Actor_20/03-01-05-02-01-01-20.wav
554,angry,archive/Train/Actor_20/03-01-05-01-02-01-20.wav
555,happy,archive/Train/Actor_20/03-01-03-02-02-02-20.wav
556,fearful,archive/Train/Actor_20/03-01-06-02-01-01-20.wav
557,surprised,archive/Train/Actor_20/03-01-08-01-01-01-20.wav
558,surprised,archive/Train/Actor_20/03-01-08-02-02-01-20.wav
559,fearful,archive/Train/Actor_20/03-01-06-01-02-01-20.wav
560,surprised,archive/Train/Actor_20/03-01-08-02-01-01-20.wav
561,fearful,archive/Train/Actor_20/03-01-06-01-01-01-20.wav
562,fearful,archive/Train/Actor_20/03-01-06-02-02-01-20.wav
563,surprised,archive/Train/Actor_20/03-01-08-01-02-01-20.wav
564,disgust,archive/Train/Actor_20/03-01-07-01-02-01-20.wav
565,neutral,archive/Train/Actor_20/03-01-01-01-01-02-20.wav
566,disgust,archive/Train/Actor_20/03-01-07-02-01-01-20.wav
567,neutral,archive/Train/Actor_20/03-01-01-01-02-02-20.wav
568,disgust,archive/Train/Actor_20/03-01-07-02-02-01-20.wav
569,disgust,archive/Train/Actor_20/03-01-07-01-01-01-20.wav
570,disgust,archive/Train/Actor_20/03-01-07-01-01-02-20.wav
571,disgust,archive/Train/Actor_20/03-01-07-02-02-02-20.wav
572,neutral,archive/Train/Actor_20/03-01-01-01-02-01-20.wav
573,disgust,archive/Train/Actor_20/03-01-07-02-01-02-20.wav
574,neutral,archive/Train/Actor_20/03-01-01-01-01-01-20.wav
575,disgust,archive/Train/Actor_20/03-01-07-01-02-02-20.wav
576,surprised,archive/Train/Actor_20/03-01-08-01-02-02-20.wav
577,fearful,archive/Train/Actor_20/03-01-06-02-02-02-20.wav
578,fearful,archive/Train/Actor_20/03-01-06-01-01-02-20.wav
579,surprised,archive/Train/Actor_20/03-01-08-02-01-02-20.wav
580,fearful,archive/Train/Actor_20/03-01-06-01-02-02-20.wav
581,surprised,archive/Train/Actor_20/03-01-08-02-02-02-20.wav
582,surprised,archive/Train/Actor_20/03-01-08-01-01-02-20.wav
583,fearful,archive/Train/Actor_20/03-01-06-02-01-02-20.wav
584,happy,archive/Train/Actor_20/03-01-03-02-02-01-20.wav
585,angry,archive/Train/Actor_20/03-01-05-01-02-02-20.wav
586,angry,archive/Train/Actor_20/03-01-05-02-01-02-20.wav
587,happy,archive/Train/Actor_20/03-01-03-01-01-01-20.wav
588,angry,archive/Train/Actor_20/03-01-05-02-02-02-20.wav
589,happy,archive/Train/Actor_20/03-01-03-01-02-01-20.wav
590,happy,archive/Train/Actor_20/03-01-03-02-01-01-20.wav
591,angry,archive/Train/Actor_20/03-01-05-01-01-02-20.wav
592,calm,archive/Train/Actor_20/03-01-02-01-01-01-20.wav
593,sad,archive/Train/Actor_20/03-01-04-02-01-02-20.wav
594,sad,archive/Train/Actor_20/03-01-04-01-02-02-20.wav
595,calm,archive/Train/Actor_20/03-01-02-02-02-01-20.wav
596,sad,archive/Train/Actor_20/03-01-04-01-01-02-20.wav
597,calm,archive/Train/Actor_20/03-01-02-02-01-01-20.wav
598,calm,archive/Train/Actor_20/03-01-02-01-02-01-20.wav
599,sad,archive/Train/Actor_20/03-01-04-02-02-02-20.wav
600,calm,archive/Train/Actor_01/03-01-02-02-01-01-01.wav
601,sad,archive/Train/Actor_01/03-01-04-01-01-02-01.wav
602,sad,archive/Train/Actor_01/03-01-04-02-02-02-01.wav
603,calm,archive/Train/Actor_01/03-01-02-01-02-01-01.wav
604,sad,archive/Train/Actor_01/03-01-04-02-01-02-01.wav
605,calm,archive/Train/Actor_01/03-01-02-01-01-01-01.wav
606,calm,archive/Train/Actor_01/03-01-02-02-02-01-01.wav
607,sad,archive/Train/Actor_01/03-01-04-01-02-02-01.wav
608,happy,archive/Train/Actor_01/03-01-03-01-02-01-01.wav
609,angry,archive/Train/Actor_01/03-01-05-02-02-02-01.wav
610,angry,archive/Train/Actor_01/03-01-05-01-01-02-01.wav
611,happy,archive/Train/Actor_01/03-01-03-02-01-01-01.wav
612,angry,archive/Train/Actor_01/03-01-05-01-02-02-01.wav
613,happy,archive/Train/Actor_01/03-01-03-02-02-01-01.wav
614,happy,archive/Train/Actor_01/03-01-03-01-01-01-01.wav
615,angry,archive/Train/Actor_01/03-01-05-02-01-02-01.wav
616,surprised,archive/Train/Actor_01/03-01-08-02-02-02-01.wav
617,fearful,archive/Train/Actor_01/03-01-06-01-02-02-01.wav
618,fearful,archive/Train/Actor_01/03-01-06-02-01-02-01.wav
619,surprised,archive/Train/Actor_01/03-01-08-01-01-02-01.wav
620,fearful,archive/Train/Actor_01/03-01-06-02-02-02-01.wav
621,surprised,archive/Train/Actor_01/03-01-08-01-02-02-01.wav
622,surprised,archive/Train/Actor_01/03-01-08-02-01-02-01.wav
623,fearful,archive/Train/Actor_01/03-01-06-01-01-02-01.wav
624,neutral,archive/Train/Actor_01/03-01-01-01-01-01-01.wav
625,disgust,archive/Train/Actor_01/03-01-07-02-01-02-01.wav
626,disgust,archive/Train/Actor_01/03-01-07-01-02-02-01.wav
627,disgust,archive/Train/Actor_01/03-01-07-01-01-02-01.wav
628,neutral,archive/Train/Actor_01/03-01-01-01-02-01-01.wav
629,disgust,archive/Train/Actor_01/03-01-07-02-02-02-01.wav
630,disgust,archive/Train/Actor_01/03-01-07-02-02-01-01.wav
631,neutral,archive/Train/Actor_01/03-01-01-01-02-02-01.wav
632,disgust,archive/Train/Actor_01/03-01-07-01-01-01-01.wav
633,disgust,archive/Train/Actor_01/03-01-07-01-02-01-01.wav
634,disgust,archive/Train/Actor_01/03-01-07-02-01-01-01.wav
635,neutral,archive/Train/Actor_01/03-01-01-01-01-02-01.wav
636,fearful,archive/Train/Actor_01/03-01-06-01-01-01-01.wav
637,surprised,archive/Train/Actor_01/03-01-08-02-01-01-01.wav
638,surprised,archive/Train/Actor_01/03-01-08-01-02-01-01.wav
639,fearful,archive/Train/Actor_01/03-01-06-02-02-01-01.wav
640,surprised,archive/Train/Actor_01/03-01-08-01-01-01-01.wav
641,fearful,archive/Train/Actor_01/03-01-06-02-01-01-01.wav
642,fearful,archive/Train/Actor_01/03-01-06-01-02-01-01.wav
643,surprised,archive/Train/Actor_01/03-01-08-02-02-01-01.wav
644,angry,archive/Train/Actor_01/03-01-05-02-01-01-01.wav
645,happy,archive/Train/Actor_01/03-01-03-01-01-02-01.wav
646,happy,archive/Train/Actor_01/03-01-03-02-02-02-01.wav
647,angry,archive/Train/Actor_01/03-01-05-01-02-01-01.wav
648,happy,archive/Train/Actor_01/03-01-03-02-01-02-01.wav
649,angry,archive/Train/Actor_01/03-01-05-01-01-01-01.wav
650,angry,archive/Train/Actor_01/03-01-05-02-02-01-01.wav
651,happy,archive/Train/Actor_01/03-01-03-01-02-02-01.wav
652,sad,archive/Train/Actor_01/03-01-04-01-02-01-01.wav
653,calm,archive/Train/Actor_01/03-01-02-02-02-02-01.wav
654,calm,archive/Train/Actor_01/03-01-02-01-01-02-01.wav
655,sad,archive/Train/Actor_01/03-01-04-02-01-01-01.wav
656,calm,archive/Train/Actor_01/03-01-02-01-02-02-01.wav
657,sad,archive/Train/Actor_01/03-01-04-02-02-01-01.wav
658,sad,archive/Train/Actor_01/03-01-04-01-01-01-01.wav
659,calm,archive/Train/Actor_01/03-01-02-02-01-02-01.wav
660,angry,archive/Train/Actor_06/03-01-05-02-01-02-06.wav
661,happy,archive/Train/Actor_06/03-01-03-01-01-01-06.wav
662,happy,archive/Train/Actor_06/03-01-03-02-02-01-06.wav
663,angry,archive/Train/Actor_06/03-01-05-01-02-02-06.wav
664,happy,archive/Train/Actor_06/03-01-03-02-01-01-06.wav
665,angry,archive/Train/Actor_06/03-01-05-01-01-02-06.wav
666,angry,archive/Train/Actor_06/03-01-05-02-02-02-06.wav
667,happy,archive/Train/Actor_06/03-01-03-01-02-01-06.wav
668,sad,archive/Train/Actor_06/03-01-04-01-02-02-06.wav
669,calm,archive/Train/Actor_06/03-01-02-02-02-01-06.wav
670,calm,archive/Train/Actor_06/03-01-02-01-01-01-06.wav
671,sad,archive/Train/Actor_06/03-01-04-02-01-02-06.wav
672,calm,archive/Train/Actor_06/03-01-02-01-02-01-06.wav
673,sad,archive/Train/Actor_06/03-01-04-02-02-02-06.wav
674,sad,archive/Train/Actor_06/03-01-04-01-01-02-06.wav
675,calm,archive/Train/Actor_06/03-01-02-02-01-01-06.wav
676,disgust,archive/Train/Actor_06/03-01-07-02-02-02-06.wav
677,neutral,archive/Train/Actor_06/03-01-01-01-02-01-06.wav
678,disgust,archive/Train/Actor_06/03-01-07-01-01-02-06.wav
679,disgust,archive/Train/Actor_06/03-01-07-01-02-02-06.wav
680,disgust,archive/Train/Actor_06/03-01-07-02-01-02-06.wav
681,neutral,archive/Train/Actor_06/03-01-01-01-01-01-06.wav
682,fearful,archive/Train/Actor_06/03-01-06-01-01-02-06.wav
683,surprised,archive/Train/Actor_06/03-01-08-02-01-02-06.wav
684,surprised,archive/Train/Actor_06/03-01-08-01-02-02-06.wav
685,fearful,archive/Train/Actor_06/03-01-06-02-02-02-06.wav
686,surprised,archive/Train/Actor_06/03-01-08-01-01-02-06.wav
687,fearful,archive/Train/Actor_06/03-01-06-02-01-02-06.wav
688,fearful,archive/Train/Actor_06/03-01-06-01-02-02-06.wav
689,surprised,archive/Train/Actor_06/03-01-08-02-02-02-06.wav
690,surprised,archive/Train/Actor_06/03-01-08-02-02-01-06.wav
691,fearful,archive/Train/Actor_06/03-01-06-01-02-01-06.wav
692,fearful,archive/Train/Actor_06/03-01-06-02-01-01-06.wav
693,surprised,archive/Train/Actor_06/03-01-08-01-01-01-06.wav
694,fearful,archive/Train/Actor_06/03-01-06-02-02-01-06.wav
695,surprised,archive/Train/Actor_06/03-01-08-01-02-01-06.wav
696,surprised,archive/Train/Actor_06/03-01-08-02-01-01-06.wav
697,fearful,archive/Train/Actor_06/03-01-06-01-01-01-06.wav
698,neutral,archive/Train/Actor_06/03-01-01-01-01-02-06.wav
699,disgust,archive/Train/Actor_06/03-01-07-02-01-01-06.wav
700,disgust,archive/Train/Actor_06/03-01-07-01-02-01-06.wav
701,disgust,archive/Train/Actor_06/03-01-07-01-01-01-06.wav
702,neutral,archive/Train/Actor_06/03-01-01-01-02-02-06.wav
703,disgust,archive/Train/Actor_06/03-01-07-02-02-01-06.wav
704,calm,archive/Train/Actor_06/03-01-02-02-01-02-06.wav
705,sad,archive/Train/Actor_06/03-01-04-01-01-01-06.wav
706,sad,archive/Train/Actor_06/03-01-04-02-02-01-06.wav
707,calm,archive/Train/Actor_06/03-01-02-01-02-02-06.wav
708,sad,archive/Train/Actor_06/03-01-04-02-01-01-06.wav
709,calm,archive/Train/Actor_06/03-01-02-01-01-02-06.wav
710,calm,archive/Train/Actor_06/03-01-02-02-02-02-06.wav
711,sad,archive/Train/Actor_06/03-01-04-01-02-01-06.wav
712,happy,archive/Train/Actor_06/03-01-03-01-02-02-06.wav
713,angry,archive/Train/Actor_06/03-01-05-02-02-01-06.wav
714,angry,archive/Train/Actor_06/03-01-05-01-01-01-06.wav
715,happy,archive/Train/Actor_06/03-01-03-02-01-02-06.wav
716,angry,archive/Train/Actor_06/03-01-05-01-02-01-06.wav
717,happy,archive/Train/Actor_06/03-01-03-02-02-02-06.wav
718,happy,archive/Train/Actor_06/03-01-03-01-01-02-06.wav
719,angry,archive/Train/Actor_06/03-01-05-02-01-01-06.wav
720,disgust,archive/Train/Actor_15/03-01-07-01-01-02-15.wav
721,disgust,archive/Train/Actor_15/03-01-07-02-02-02-15.wav
722,neutral,archive/Train/Actor_15/03-01-01-01-02-01-15.wav
723,disgust,archive/Train/Actor_15/03-01-07-02-01-02-15.wav
724,neutral,archive/Train/Actor_15/03-01-01-01-01-01-15.wav
725,disgust,archive/Train/Actor_15/03-01-07-01-02-02-15.wav
726,surprised,archive/Train/Actor_15/03-01-08-01-02-02-15.wav
727,fearful,archive/Train/Actor_15/03-01-06-02-02-02-15.wav
728,fearful,archive/Train/Actor_15/03-01-06-01-01-02-15.wav
729,surprised,archive/Train/Actor_15/03-01-08-02-01-02-15.wav
730,fearful,archive/Train/Actor_15/03-01-06-01-02-02-15.wav
731,surprised,archive/Train/Actor_15/03-01-08-02-02-02-15.wav
732,surprised,archive/Train/Actor_15/03-01-08-01-01-02-15.wav
733,fearful,archive/Train/Actor_15/03-01-06-02-01-02-15.wav
734,happy,archive/Train/Actor_15/03-01-03-02-02-01-15.wav
735,angry,archive/Train/Actor_15/03-01-05-01-02-02-15.wav
736,angry,archive/Train/Actor_15/03-01-05-02-01-02-15.wav
737,happy,archive/Train/Actor_15/03-01-03-01-01-01-15.wav
738,angry,archive/Train/Actor_15/03-01-05-02-02-02-15.wav
739,happy,archive/Train/Actor_15/03-01-03-01-02-01-15.wav
740,happy,archive/Train/Actor_15/03-01-03-02-01-01-15.wav
741,angry,archive/Train/Actor_15/03-01-05-01-01-02-15.wav
742,calm,archive/Train/Actor_15/03-01-02-01-01-01-15.wav
743,sad,archive/Train/Actor_15/03-01-04-02-01-02-15.wav
744,sad,archive/Train/Actor_15/03-01-04-01-02-02-15.wav
745,calm,archive/Train/Actor_15/03-01-02-02-02-01-15.wav
746,sad,archive/Train/Actor_15/03-01-04-01-01-02-15.wav
747,calm,archive/Train/Actor_15/03-01-02-02-01-01-15.wav
748,calm,archive/Train/Actor_15/03-01-02-01-02-01-15.wav
749,sad,archive/Train/Actor_15/03-01-04-02-02-02-15.wav
750,sad,archive/Train/Actor_15/03-01-04-02-02-01-15.wav
751,calm,archive/Train/Actor_15/03-01-02-01-02-02-15.wav
752,calm,archive/Train/Actor_15/03-01-02-02-01-02-15.wav
753,sad,archive/Train/Actor_15/03-01-04-01-01-01-15.wav
754,calm,archive/Train/Actor_15/03-01-02-02-02-02-15.wav
755,sad,archive/Train/Actor_15/03-01-04-01-02-01-15.wav
756,sad,archive/Train/Actor_15/03-01-04-02-01-01-15.wav
757,calm,archive/Train/Actor_15/03-01-02-01-01-02-15.wav
758,angry,archive/Train/Actor_15/03-01-05-01-01-01-15.wav
759,happy,archive/Train/Actor_15/03-01-03-02-01-02-15.wav
760,happy,archive/Train/Actor_15/03-01-03-01-02-02-15.wav
761,angry,archive/Train/Actor_15/03-01-05-02-02-01-15.wav
762,happy,archive/Train/Actor_15/03-01-03-01-01-02-15.wav
763,angry,archive/Train/Actor_15/03-01-05-02-01-01-15.wav
764,angry,archive/Train/Actor_15/03-01-05-01-02-01-15.wav
765,happy,archive/Train/Actor_15/03-01-03-02-02-02-15.wav
766,fearful,archive/Train/Actor_15/03-01-06-02-01-01-15.wav
767,surprised,archive/Train/Actor_15/03-01-08-01-01-01-15.wav
768,surprised,archive/Train/Actor_15/03-01-08-02-02-01-15.wav
769,fearful,archive/Train/Actor_15/03-01-06-01-02-01-15.wav
770,surprised,archive/Train/Actor_15/03-01-08-02-01-01-15.wav
771,fearful,archive/Train/Actor_15/03-01-06-01-01-01-15.wav
772,fearful,archive/Train/Actor_15/03-01-06-02-02-01-15.wav
773,surprised,archive/Train/Actor_15/03-01-08-01-02-01-15.wav
774,disgust,archive/Train/Actor_15/03-01-07-01-02-01-15.wav
775,neutral,archive/Train/Actor_15/03-01-01-01-01-02-15.wav
776,disgust,archive/Train/Actor_15/03-01-07-02-01-01-15.wav
777,neutral,archive/Train/Actor_15/03-01-01-01-02-02-15.wav
778,disgust,archive/Train/Actor_15/03-01-07-02-02-01-15.wav
779,disgust,archive/Train/Actor_15/03-01-07-01-01-01-15.wav
780,sad,archive/Train/Actor_17/03-01-04-02-02-01-17.wav
781,calm,archive/Train/Actor_17/03-01-02-01-02-02-17.wav
782,calm,archive/Train/Actor_17/03-01-02-02-01-02-17.wav
783,sad,archive/Train/Actor_17/03-01-04-01-01-01-17.wav
784,calm,archive/Train/Actor_17/03-01-02-02-02-02-17.wav
785,sad,archive/Train/Actor_17/03-01-04-01-02-01-17.wav
786,sad,archive/Train/Actor_17/03-01-04-02-01-01-17.wav
787,calm,archive/Train/Actor_17/03-01-02-01-01-02-17.wav
788,angry,archive/Train/Actor_17/03-01-05-01-01-01-17.wav
789,happy,archive/Train/Actor_17/03-01-03-02-01-02-17.wav
790,happy,archive/Train/Actor_17/03-01-03-01-02-02-17.wav
791,angry,archive/Train/Actor_17/03-01-05-02-02-01-17.wav
792,happy,archive/Train/Actor_17/03-01-03-01-01-02-17.wav
793,angry,archive/Train/Actor_17/03-01-05-02-01-01-17.wav
794,angry,archive/Train/Actor_17/03-01-05-01-02-01-17.wav
795,happy,archive/Train/Actor_17/03-01-03-02-02-02-17.wav
796,fearful,archive/Train/Actor_17/03-01-06-02-01-01-17.wav
797,surprised,archive/Train/Actor_17/03-01-08-01-01-01-17.wav
798,surprised,archive/Train/Actor_17/03-01-08-02-02-01-17.wav
799,fearful,archive/Train/Actor_17/03-01-06-01-02-01-17.wav
800,surprised,archive/Train/Actor_17/03-01-08-02-01-01-17.wav
801,fearful,archive/Train/Actor_17/03-01-06-01-01-01-17.wav
802,fearful,archive/Train/Actor_17/03-01-06-02-02-01-17.wav
803,surprised,archive/Train/Actor_17/03-01-08-01-02-01-17.wav
804,disgust,archive/Train/Actor_17/03-01-07-01-02-01-17.wav
805,neutral,archive/Train/Actor_17/03-01-01-01-01-02-17.wav
806,disgust,archive/Train/Actor_17/03-01-07-02-01-01-17.wav
807,neutral,archive/Train/Actor_17/03-01-01-01-02-02-17.wav
808,disgust,archive/Train/Actor_17/03-01-07-02-02-01-17.wav
809,disgust,archive/Train/Actor_17/03-01-07-01-01-01-17.wav
810,disgust,archive/Train/Actor_17/03-01-07-01-01-02-17.wav
811,disgust,archive/Train/Actor_17/03-01-07-02-02-02-17.wav
812,neutral,archive/Train/Actor_17/03-01-01-01-02-01-17.wav
813,disgust,archive/Train/Actor_17/03-01-07-02-01-02-17.wav
814,neutral,archive/Train/Actor_17/03-01-01-01-01-01-17.wav
815,disgust,archive/Train/Actor_17/03-01-07-01-02-02-17.wav
816,surprised,archive/Train/Actor_17/03-01-08-01-02-02-17.wav
817,fearful,archive/Train/Actor_17/03-01-06-02-02-02-17.wav
818,fearful,archive/Train/Actor_17/03-01-06-01-01-02-17.wav
819,surprised,archive/Train/Actor_17/03-01-08-02-01-02-17.wav
820,fearful,archive/Train/Actor_17/03-01-06-01-02-02-17.wav
821,surprised,archive/Train/Actor_17/03-01-08-02-02-02-17.wav
822,surprised,archive/Train/Actor_17/03-01-08-01-01-02-17.wav
823,fearful,archive/Train/Actor_17/03-01-06-02-01-02-17.wav
824,happy,archive/Train/Actor_17/03-01-03-02-02-01-17.wav
825,angry,archive/Train/Actor_17/03-01-05-01-02-02-17.wav
826,angry,archive/Train/Actor_17/03-01-05-02-01-02-17.wav
827,happy,archive/Train/Actor_17/03-01-03-01-01-01-17.wav
828,angry,archive/Train/Actor_17/03-01-05-02-02-02-17.wav
829,happy,archive/Train/Actor_17/03-01-03-01-02-01-17.wav
830,happy,archive/Train/Actor_17/03-01-03-02-01-01-17.wav
831,angry,archive/Train/Actor_17/03-01-05-01-01-02-17.wav
832,calm,archive/Train/Actor_17/03-01-02-01-01-01-17.wav
833,sad,archive/Train/Actor_17/03-01-04-02-01-02-17.wav
834,sad,archive/Train/Actor_17/03-01-04-01-02-02-17.wav
835,calm,archive/Train/Actor_17/03-01-02-02-02-01-17.wav
836,sad,archive/Train/Actor_17/03-01-04-01-01-02-17.wav
837,calm,archive/Train/Actor_17/03-01-02-02-01-01-17.wav
838,calm,archive/Train/Actor_17/03-01-02-01-02-01-17.wav
839,sad,archive/Train/Actor_17/03-01-04-02-02-02-17.wav
840,sad,archive/Train/Actor_04/03-01-04-02-01-02-04.wav
841,calm,archive/Train/Actor_04/03-01-02-01-01-01-04.wav
842,calm,archive/Train/Actor_04/03-01-02-02-02-01-04.wav
843,sad,archive/Train/Actor_04/03-01-04-01-02-02-04.wav
844,calm,archive/Train/Actor_04/03-01-02-02-01-01-04.wav
845,sad,archive/Train/Actor_04/03-01-04-01-01-02-04.wav
846,sad,archive/Train/Actor_04/03-01-04-02-02-02-04.wav
847,calm,archive/Train/Actor_04/03-01-02-01-02-01-04.wav
848,angry,archive/Train/Actor_04/03-01-05-01-02-02-04.wav
849,happy,archive/Train/Actor_04/03-01-03-02-02-01-04.wav
850,happy,archive/Train/Actor_04/03-01-03-01-01-01-04.wav
851,angry,archive/Train/Actor_04/03-01-05-02-01-02-04.wav
852,happy,archive/Train/Actor_04/03-01-03-01-02-01-04.wav
853,angry,archive/Train/Actor_04/03-01-05-02-02-02-04.wav
854,angry,archive/Train/Actor_04/03-01-05-01-01-02-04.wav
855,happy,archive/Train/Actor_04/03-01-03-02-01-01-04.wav
856,fearful,archive/Train/Actor_04/03-01-06-02-02-02-04.wav
857,surprised,archive/Train/Actor_04/03-01-08-01-02-02-04.wav
858,surprised,archive/Train/Actor_04/03-01-08-02-01-02-04.wav
859,fearful,archive/Train/Actor_04/03-01-06-01-01-02-04.wav
860,surprised,archive/Train/Actor_04/03-01-08-02-02-02-04.wav
861,fearful,archive/Train/Actor_04/03-01-06-01-02-02-04.wav
862,fearful,archive/Train/Actor_04/03-01-06-02-01-02-04.wav
863,surprised,archive/Train/Actor_04/03-01-08-01-01-02-04.wav
864,disgust,archive/Train/Actor_04/03-01-07-01-01-02-04.wav
865,neutral,archive/Train/Actor_04/03-01-01-01-02-01-04.wav
866,disgust,archive/Train/Actor_04/03-01-07-02-02-02-04.wav
867,neutral,archive/Train/Actor_04/03-01-01-01-01-01-04.wav
868,disgust,archive/Train/Actor_04/03-01-07-02-01-02-04.wav
869,disgust,archive/Train/Actor_04/03-01-07-01-02-02-04.wav
870,disgust,archive/Train/Actor_04/03-01-07-01-02-01-04.wav
871,disgust,archive/Train/Actor_04/03-01-07-02-01-01-04.wav
872,neutral,archive/Train/Actor_04/03-01-01-01-01-02-04.wav
873,disgust,archive/Train/Actor_04/03-01-07-02-02-01-04.wav
874,neutral,archive/Train/Actor_04/03-01-01-01-02-02-04.wav
875,disgust,archive/Train/Actor_04/03-01-07-01-01-01-04.wav
876,surprised,archive/Train/Actor_04/03-01-08-01-01-01-04.wav
877,fearful,archive/Train/Actor_04/03-01-06-02-01-01-04.wav
878,fearful,archive/Train/Actor_04/03-01-06-01-02-01-04.wav
879,surprised,archive/Train/Actor_04/03-01-08-02-02-01-04.wav
880,fearful,archive/Train/Actor_04/03-01-06-01-01-01-04.wav
881,surprised,archive/Train/Actor_04/03-01-08-02-01-01-04.wav
882,surprised,archive/Train/Actor_04/03-01-08-01-02-01-04.wav
883,fearful,archive/Train/Actor_04/03-01-06-02-02-01-04.wav
884,happy,archive/Train/Actor_04/03-01-03-02-01-02-04.wav
885,angry,archive/Train/Actor_04/03-01-05-01-01-01-04.wav
886,angry,archive/Train/Actor_04/03-01-05-02-02-01-04.wav
887,happy,archive/Train/Actor_04/03-01-03-01-02-02-04.wav
888,angry,archive/Train/Actor_04/03-01-05-02-01-01-04.wav
889,happy,archive/Train/Actor_04/03-01-03-01-01-02-04.wav
890,happy,archive/Train/Actor_04/03-01-03-02-02-02-04.wav
891,angry,archive/Train/Actor_04/03-01-05-01-02-01-04.wav
892,calm,archive/Train/Actor_04/03-01-02-01-02-02-04.wav
893,sad,archive/Train/Actor_04/03-01-04-02-02-01-04.wav
894,sad,archive/Train/Actor_04/03-01-04-01-01-01-04.wav
895,calm,archive/Train/Actor_04/03-01-02-02-01-02-04.wav
896,sad,archive/Train/Actor_04/03-01-04-01-02-01-04.wav
897,calm,archive/Train/Actor_04/03-01-02-02-02-02-04.wav
898,calm,archive/Train/Actor_04/03-01-02-01-01-02-04.wav
899,sad,archive/Train/Actor_04/03-01-04-02-01-01-04.wav
900,fearful,archive/Train/Actor_03/03-01-06-02-01-01-03.wav
901,surprised,archive/Train/Actor_03/03-01-08-01-01-01-03.wav
902,surprised,archive/Train/Actor_03/03-01-08-02-02-01-03.wav
903,fearful,archive/Train/Actor_03/03-01-06-01-02-01-03.wav
904,surprised,archive/Train/Actor_03/03-01-08-02-01-01-03.wav
905,fearful,archive/Train/Actor_03/03-01-06-01-01-01-03.wav
906,fearful,archive/Train/Actor_03/03-01-06-02-02-01-03.wav
907,surprised,archive/Train/Actor_03/03-01-08-01-02-01-03.wav
908,disgust,archive/Train/Actor_03/03-01-07-01-02-01-03.wav
909,neutral,archive/Train/Actor_03/03-01-01-01-01-02-03.wav
910,disgust,archive/Train/Actor_03/03-01-07-02-01-01-03.wav
911,neutral,archive/Train/Actor_03/03-01-01-01-02-02-03.wav
912,disgust,archive/Train/Actor_03/03-01-07-02-02-01-03.wav
913,disgust,archive/Train/Actor_03/03-01-07-01-01-01-03.wav
914,sad,archive/Train/Actor_03/03-01-04-02-02-01-03.wav
915,calm,archive/Train/Actor_03/03-01-02-01-02-02-03.wav
916,calm,archive/Train/Actor_03/03-01-02-02-01-02-03.wav
917,sad,archive/Train/Actor_03/03-01-04-01-01-01-03.wav
918,calm,archive/Train/Actor_03/03-01-02-02-02-02-03.wav
919,sad,archive/Train/Actor_03/03-01-04-01-02-01-03.wav
920,sad,archive/Train/Actor_03/03-01-04-02-01-01-03.wav
921,calm,archive/Train/Actor_03/03-01-02-01-01-02-03.wav
922,angry,archive/Train/Actor_03/03-01-05-01-01-01-03.wav
923,happy,archive/Train/Actor_03/03-01-03-02-01-02-03.wav
924,happy,archive/Train/Actor_03/03-01-03-01-02-02-03.wav
925,angry,archive/Train/Actor_03/03-01-05-02-02-01-03.wav
926,happy,archive/Train/Actor_03/03-01-03-01-01-02-03.wav
927,angry,archive/Train/Actor_03/03-01-05-02-01-01-03.wav
928,angry,archive/Train/Actor_03/03-01-05-01-02-01-03.wav
929,happy,archive/Train/Actor_03/03-01-03-02-02-02-03.wav
930,happy,archive/Train/Actor_03/03-01-03-02-02-01-03.wav
931,angry,archive/Train/Actor_03/03-01-05-01-02-02-03.wav
932,angry,archive/Train/Actor_03/03-01-05-02-01-02-03.wav
933,happy,archive/Train/Actor_03/03-01-03-01-01-01-03.wav
934,angry,archive/Train/Actor_03/03-01-05-02-02-02-03.wav
935,happy,archive/Train/Actor_03/03-01-03-01-02-01-03.wav
936,happy,archive/Train/Actor_03/03-01-03-02-01-01-03.wav
937,angry,archive/Train/Actor_03/03-01-05-01-01-02-03.wav
938,calm,archive/Train/Actor_03/03-01-02-01-01-01-03.wav
939,sad,archive/Train/Actor_03/03-01-04-02-01-02-03.wav
940,sad,archive/Train/Actor_03/03-01-04-01-02-02-03.wav
941,calm,archive/Train/Actor_03/03-01-02-02-02-01-03.wav
942,sad,archive/Train/Actor_03/03-01-04-01-01-02-03.wav
943,calm,archive/Train/Actor_03/03-01-02-02-01-01-03.wav
944,calm,archive/Train/Actor_03/03-01-02-01-02-01-03.wav
945,sad,archive/Train/Actor_03/03-01-04-02-02-02-03.wav
946,disgust,archive/Train/Actor_03/03-01-07-01-01-02-03.wav
947,disgust,archive/Train/Actor_03/03-01-07-02-02-02-03.wav
948,neutral,archive/Train/Actor_03/03-01-01-01-02-01-03.wav
949,disgust,archive/Train/Actor_03/03-01-07-02-01-02-03.wav
950,neutral,archive/Train/Actor_03/03-01-01-01-01-01-03.wav
951,disgust,archive/Train/Actor_03/03-01-07-01-02-02-03.wav
952,surprised,archive/Train/Actor_03/03-01-08-01-02-02-03.wav
953,fearful,archive/Train/Actor_03/03-01-06-02-02-02-03.wav
954,fearful,archive/Train/Actor_03/03-01-06-01-01-02-03.wav
955,surprised,archive/Train/Actor_03/03-01-08-02-01-02-03.wav
956,fearful,archive/Train/Actor_03/03-01-06-01-02-02-03.wav
957,surprised,archive/Train/Actor_03/03-01-08-02-02-02-03.wav
958,surprised,archive/Train/Actor_03/03-01-08-01-01-02-03.wav
959,fearful,archive/Train/Actor_03/03-01-06-02-01-02-03.wav
960,surprised,archive/Train/Actor_09/03-01-08-01-02-02-09.wav
961,fearful,archive/Train/Actor_09/03-01-06-02-02-02-09.wav
962,fearful,archive/Train/Actor_09/03-01-06-01-01-02-09.wav
963,surprised,archive/Train/Actor_09/03-01-08-02-01-02-09.wav
964,fearful,archive/Train/Actor_09/03-01-06-01-02-02-09.wav
965,surprised,archive/Train/Actor_09/03-01-08-02-02-02-09.wav
966,surprised,archive/Train/Actor_09/03-01-08-01-01-02-09.wav
967,fearful,archive/Train/Actor_09/03-01-06-02-01-02-09.wav
968,disgust,archive/Train/Actor_09/03-01-07-01-01-02-09.wav
969,disgust,archive/Train/Actor_09/03-01-07-02-02-02-09.wav
970,neutral,archive/Train/Actor_09/03-01-01-01-02-01-09.wav
971,disgust,archive/Train/Actor_09/03-01-07-02-01-02-09.wav
972,neutral,archive/Train/Actor_09/03-01-01-01-01-01-09.wav
973,disgust,archive/Train/Actor_09/03-01-07-01-02-02-09.wav
974,calm,archive/Train/Actor_09/03-01-02-01-01-01-09.wav
975,sad,archive/Train/Actor_09/03-01-04-02-01-02-09.wav
976,sad,archive/Train/Actor_09/03-01-04-01-02-02-09.wav
977,calm,archive/Train/Actor_09/03-01-02-02-02-01-09.wav
978,sad,archive/Train/Actor_09/03-01-04-01-01-02-09.wav
979,calm,archive/Train/Actor_09/03-01-02-02-01-01-09.wav
980,calm,archive/Train/Actor_09/03-01-02-01-02-01-09.wav
981,sad,archive/Train/Actor_09/03-01-04-02-02-02-09.wav
982,happy,archive/Train/Actor_09/03-01-03-02-02-01-09.wav
983,angry,archive/Train/Actor_09/03-01-05-01-02-02-09.wav
984,angry,archive/Train/Actor_09/03-01-05-02-01-02-09.wav
985,happy,archive/Train/Actor_09/03-01-03-01-01-01-09.wav
986,angry,archive/Train/Actor_09/03-01-05-02-02-02-09.wav
987,happy,archive/Train/Actor_09/03-01-03-01-02-01-09.wav
988,happy,archive/Train/Actor_09/03-01-03-02-01-01-09.wav
989,angry,archive/Train/Actor_09/03-01-05-01-01-02-09.wav
990,angry,archive/Train/Actor_09/03-01-05-01-01-01-09.wav
991,happy,archive/Train/Actor_09/03-01-03-02-01-02-09.wav
992,happy,archive/Train/Actor_09/03-01-03-01-02-02-09.wav
993,angry,archive/Train/Actor_09/03-01-05-02-02-01-09.wav
994,happy,archive/Train/Actor_09/03-01-03-01-01-02-09.wav
995,angry,archive/Train/Actor_09/03-01-05-02-01-01-09.wav
996,angry,archive/Train/Actor_09/03-01-05-01-02-01-09.wav
997,happy,archive/Train/Actor_09/03-01-03-02-02-02-09.wav
998,sad,archive/Train/Actor_09/03-01-04-02-02-01-09.wav
999,calm,archive/Train/Actor_09/03-01-02-01-02-02-09.wav
1000,calm,archive/Train/Actor_09/03-01-02-02-01-02-09.wav
1001,sad,archive/Train/Actor_09/03-01-04-01-01-01-09.wav
1002,calm,archive/Train/Actor_09/03-01-02-02-02-02-09.wav
1003,sad,archive/Train/Actor_09/03-01-04-01-02-01-09.wav
1004,sad,archive/Train/Actor_09/03-01-04-02-01-01-09.wav
1005,calm,archive/Train/Actor_09/03-01-02-01-01-02-09.wav
1006,disgust,archive/Train/Actor_09/03-01-07-01-02-01-09.wav
1007,neutral,archive/Train/Actor_09/03-01-01-01-01-02-09.wav
1008,disgust,archive/Train/Actor_09/03-01-07-02-01-01-09.wav
1009,neutral,archive/Train/Actor_09/03-01-01-01-02-02-09.wav
1010,disgust,archive/Train/Actor_09/03-01-07-02-02-01-09.wav
1011,disgust,archive/Train/Actor_09/03-01-07-01-01-01-09.wav
1012,fearful,archive/Train/Actor_09/03-01-06-02-01-01-09.wav
1013,surprised,archive/Train/Actor_09/03-01-08-01-01-01-09.wav
1014,surprised,archive/Train/Actor_09/03-01-08-02-02-01-09.wav
1015,fearful,archive/Train/Actor_09/03-01-06-01-02-01-09.wav
1016,surprised,archive/Train/Actor_09/03-01-08-02-01-01-09.wav
1017,fearful,archive/Train/Actor_09/03-01-06-01-01-01-09.wav
1018,fearful,archive/Train/Actor_09/03-01-06-02-02-01-09.wav
1019,surprised,archive/Train/Actor_09/03-01-08-01-02-01-09.wav
1020,surprised,archive/Train/Actor_10/03-01-08-01-01-01-10.wav
1021,fearful,archive/Train/Actor_10/03-01-06-02-01-01-10.wav
1022,fearful,archive/Train/Actor_10/03-01-06-01-02-01-10.wav
1023,surprised,archive/Train/Actor_10/03-01-08-02-02-01-10.wav
1024,fearful,archive/Train/Actor_10/03-01-06-01-01-01-10.wav
1025,surprised,archive/Train/Actor_10/03-01-08-02-01-01-10.wav
1026,surprised,archive/Train/Actor_10/03-01-08-01-02-01-10.wav
1027,fearful,archive/Train/Actor_10/03-01-06-02-02-01-10.wav
1028,disgust,archive/Train/Actor_10/03-01-07-01-02-01-10.wav
1029,disgust,archive/Train/Actor_10/03-01-07-02-01-01-10.wav
1030,neutral,archive/Train/Actor_10/03-01-01-01-01-02-10.wav
1031,disgust,archive/Train/Actor_10/03-01-07-02-02-01-10.wav
1032,neutral,archive/Train/Actor_10/03-01-01-01-02-02-10.wav
1033,disgust,archive/Train/Actor_10/03-01-07-01-01-01-10.wav
1034,calm,archive/Train/Actor_10/03-01-02-01-02-02-10.wav
1035,sad,archive/Train/Actor_10/03-01-04-02-02-01-10.wav
1036,sad,archive/Train/Actor_10/03-01-04-01-01-01-10.wav
1037,calm,archive/Train/Actor_10/03-01-02-02-01-02-10.wav
1038,sad,archive/Train/Actor_10/03-01-04-01-02-01-10.wav
1039,calm,archive/Train/Actor_10/03-01-02-02-02-02-10.wav
1040,calm,archive/Train/Actor_10/03-01-02-01-01-02-10.wav
1041,sad,archive/Train/Actor_10/03-01-04-02-01-01-10.wav
1042,happy,archive/Train/Actor_10/03-01-03-02-01-02-10.wav
1043,angry,archive/Train/Actor_10/03-01-05-01-01-01-10.wav
1044,angry,archive/Train/Actor_10/03-01-05-02-02-01-10.wav
1045,happy,archive/Train/Actor_10/03-01-03-01-02-02-10.wav
1046,angry,archive/Train/Actor_10/03-01-05-02-01-01-10.wav
1047,happy,archive/Train/Actor_10/03-01-03-01-01-02-10.wav
1048,happy,archive/Train/Actor_10/03-01-03-02-02-02-10.wav
1049,angry,archive/Train/Actor_10/03-01-05-01-02-01-10.wav
1050,angry,archive/Train/Actor_10/03-01-05-01-02-02-10.wav
1051,happy,archive/Train/Actor_10/03-01-03-02-02-01-10.wav
1052,happy,archive/Train/Actor_10/03-01-03-01-01-01-10.wav
1053,angry,archive/Train/Actor_10/03-01-05-02-01-02-10.wav
1054,happy,archive/Train/Actor_10/03-01-03-01-02-01-10.wav
1055,angry,archive/Train/Actor_10/03-01-05-02-02-02-10.wav
1056,angry,archive/Train/Actor_10/03-01-05-01-01-02-10.wav
1057,happy,archive/Train/Actor_10/03-01-03-02-01-01-10.wav
1058,sad,archive/Train/Actor_10/03-01-04-02-01-02-10.wav
1059,calm,archive/Train/Actor_10/03-01-02-01-01-01-10.wav
1060,calm,archive/Train/Actor_10/03-01-02-02-02-01-10.wav
1061,sad,archive/Train/Actor_10/03-01-04-01-02-02-10.wav
1062,calm,archive/Train/Actor_10/03-01-02-02-01-01-10.wav
1063,sad,archive/Train/Actor_10/03-01-04-01-01-02-10.wav
1064,sad,archive/Train/Actor_10/03-01-04-02-02-02-10.wav
1065,calm,archive/Train/Actor_10/03-01-02-01-02-01-10.wav
1066,disgust,archive/Train/Actor_10/03-01-07-01-01-02-10.wav
1067,neutral,archive/Train/Actor_10/03-01-01-01-02-01-10.wav
1068,disgust,archive/Train/Actor_10/03-01-07-02-02-02-10.wav
1069,neutral,archive/Train/Actor_10/03-01-01-01-01-01-10.wav
1070,disgust,archive/Train/Actor_10/03-01-07-02-01-02-10.wav
1071,disgust,archive/Train/Actor_10/03-01-07-01-02-02-10.wav
1072,fearful,archive/Train/Actor_10/03-01-06-02-02-02-10.wav
1073,surprised,archive/Train/Actor_10/03-01-08-01-02-02-10.wav
1074,surprised,archive/Train/Actor_10/03-01-08-02-01-02-10.wav
1075,fearful,archive/Train/Actor_10/03-01-06-01-01-02-10.wav
1076,surprised,archive/Train/Actor_10/03-01-08-02-02-02-10.wav
1077,fearful,archive/Train/Actor_10/03-01-06-01-02-02-10.wav
1078,fearful,archive/Train/Actor_10/03-01-06-02-01-02-10.wav
1079,surprised,archive/Train/Actor_10/03-01-08-01-01-02-10.wav
1080,happy,archive/Train/Actor_22/03-01-03-01-02-01-22.wav
1081,angry,archive/Train/Actor_22/03-01-05-02-02-02-22.wav
1082,angry,archive/Train/Actor_22/03-01-05-01-01-02-22.wav
1083,happy,archive/Train/Actor_22/03-01-03-02-01-01-22.wav
1084,angry,archive/Train/Actor_22/03-01-05-01-02-02-22.wav
1085,happy,archive/Train/Actor_22/03-01-03-02-02-01-22.wav
1086,happy,archive/Train/Actor_22/03-01-03-01-01-01-22.wav
1087,angry,archive/Train/Actor_22/03-01-05-02-01-02-22.wav
1088,calm,archive/Train/Actor_22/03-01-02-02-01-01-22.wav
1089,sad,archive/Train/Actor_22/03-01-04-01-01-02-22.wav
1090,sad,archive/Train/Actor_22/03-01-04-02-02-02-22.wav
1091,calm,archive/Train/Actor_22/03-01-02-01-02-01-22.wav
1092,sad,archive/Train/Actor_22/03-01-04-02-01-02-22.wav
1093,calm,archive/Train/Actor_22/03-01-02-01-01-01-22.wav
1094,calm,archive/Train/Actor_22/03-01-02-02-02-01-22.wav
1095,sad,archive/Train/Actor_22/03-01-04-01-02-02-22.wav
1096,neutral,archive/Train/Actor_22/03-01-01-01-01-01-22.wav
1097,disgust,archive/Train/Actor_22/03-01-07-02-01-02-22.wav
1098,disgust,archive/Train/Actor_22/03-01-07-01-02-02-22.wav
1099,disgust,archive/Train/Actor_22/03-01-07-01-01-02-22.wav
1100,neutral,archive/Train/Actor_22/03-01-01-01-02-01-22.wav
1101,disgust,archive/Train/Actor_22/03-01-07-02-02-02-22.wav
1102,surprised,archive/Train/Actor_22/03-01-08-02-02-02-22.wav
1103,fearful,archive/Train/Actor_22/03-01-06-01-02-02-22.wav
1104,fearful,archive/Train/Actor_22/03-01-06-02-01-02-22.wav
1105,surprised,archive/Train/Actor_22/03-01-08-01-01-02-22.wav
1106,fearful,archive/Train/Actor_22/03-01-06-02-02-02-22.wav
1107,surprised,archive/Train/Actor_22/03-01-08-01-02-02-22.wav
1108,surprised,archive/Train/Actor_22/03-01-08-02-01-02-22.wav
1109,fearful,archive/Train/Actor_22/03-01-06-01-01-02-22.wav
1110,fearful,archive/Train/Actor_22/03-01-06-01-01-01-22.wav
1111,surprised,archive/Train/Actor_22/03-01-08-02-01-01-22.wav
1112,surprised,archive/Train/Actor_22/03-01-08-01-02-01-22.wav
1113,fearful,archive/Train/Actor_22/03-01-06-02-02-01-22.wav
1114,surprised,archive/Train/Actor_22/03-01-08-01-01-01-22.wav
1115,fearful,archive/Train/Actor_22/03-01-06-02-01-01-22.wav
1116,fearful,archive/Train/Actor_22/03-01-06-01-02-01-22.wav
1117,surprised,archive/Train/Actor_22/03-01-08-02-02-01-22.wav
1118,disgust,archive/Train/Actor_22/03-01-07-02-02-01-22.wav
1119,neutral,archive/Train/Actor_22/03-01-01-01-02-02-22.wav
1120,disgust,archive/Train/Actor_22/03-01-07-01-01-01-22.wav
1121,disgust,archive/Train/Actor_22/03-01-07-01-02-01-22.wav
1122,disgust,archive/Train/Actor_22/03-01-07-02-01-01-22.wav
1123,neutral,archive/Train/Actor_22/03-01-01-01-01-02-22.wav
1124,sad,archive/Train/Actor_22/03-01-04-01-02-01-22.wav
1125,calm,archive/Train/Actor_22/03-01-02-02-02-02-22.wav
1126,calm,archive/Train/Actor_22/03-01-02-01-01-02-22.wav
1127,sad,archive/Train/Actor_22/03-01-04-02-01-01-22.wav
1128,calm,archive/Train/Actor_22/03-01-02-01-02-02-22.wav
1129,sad,archive/Train/Actor_22/03-01-04-02-02-01-22.wav
1130,sad,archive/Train/Actor_22/03-01-04-01-01-01-22.wav
1131,calm,archive/Train/Actor_22/03-01-02-02-01-02-22.wav
1132,angry,archive/Train/Actor_22/03-01-05-02-01-01-22.wav
1133,happy,archive/Train/Actor_22/03-01-03-01-01-02-22.wav
1134,happy,archive/Train/Actor_22/03-01-03-02-02-02-22.wav
1135,angry,archive/Train/Actor_22/03-01-05-01-02-01-22.wav
1136,happy,archive/Train/Actor_22/03-01-03-02-01-02-22.wav
1137,angry,archive/Train/Actor_22/03-01-05-01-01-01-22.wav
1138,angry,archive/Train/Actor_22/03-01-05-02-02-01-22.wav
1139,happy,archive/Train/Actor_22/03-01-03-01-02-02-22.wav
1140,happy,archive/Train/Actor_14/03-01-03-01-01-01-14.wav
1141,angry,archive/Train/Actor_14/03-01-05-02-01-02-14.wav
1142,angry,archive/Train/Actor_14/03-01-05-01-02-02-14.wav
1143,happy,archive/Train/Actor_14/03-01-03-02-02-01-14.wav
1144,angry,archive/Train/Actor_14/03-01-05-01-01-02-14.wav
1145,happy,archive/Train/Actor_14/03-01-03-02-01-01-14.wav
1146,happy,archive/Train/Actor_14/03-01-03-01-02-01-14.wav
1147,angry,archive/Train/Actor_14/03-01-05-02-02-02-14.wav
1148,calm,archive/Train/Actor_14/03-01-02-02-02-01-14.wav
1149,sad,archive/Train/Actor_14/03-01-04-01-02-02-14.wav
1150,sad,archive/Train/Actor_14/03-01-04-02-01-02-14.wav
1151,calm,archive/Train/Actor_14/03-01-02-01-01-01-14.wav
1152,sad,archive/Train/Actor_14/03-01-04-02-02-02-14.wav
1153,calm,archive/Train/Actor_14/03-01-02-01-02-01-14.wav
1154,calm,archive/Train/Actor_14/03-01-02-02-01-01-14.wav
1155,sad,archive/Train/Actor_14/03-01-04-01-01-02-14.wav
1156,neutral,archive/Train/Actor_14/03-01-01-01-02-01-14.wav
1157,disgust,archive/Train/Actor_14/03-01-07-02-02-02-14.wav
1158,disgust,archive/Train/Actor_14/03-01-07-01-01-02-14.wav
1159,disgust,archive/Train/Actor_14/03-01-07-01-02-02-14.wav
1160,neutral,archive/Train/Actor_14/03-01-01-01-01-01-14.wav
1161,disgust,archive/Train/Actor_14/03-01-07-02-01-02-14.wav
1162,surprised,archive/Train/Actor_14/03-01-08-02-01-02-14.wav
1163,fearful,archive/Train/Actor_14/03-01-06-01-01-02-14.wav
1164,fearful,archive/Train/Actor_14/03-01-06-02-02-02-14.wav
1165,surprised,archive/Train/Actor_14/03-01-08-01-02-02-14.wav
1166,fearful,archive/Train/Actor_14/03-01-06-02-01-02-14.wav
1167,surprised,archive/Train/Actor_14/03-01-08-01-01-02-14.wav
1168,surprised,archive/Train/Actor_14/03-01-08-02-02-02-14.wav
1169,fearful,archive/Train/Actor_14/03-01-06-01-02-02-14.wav
1170,fearful,archive/Train/Actor_14/03-01-06-01-02-01-14.wav
1171,surprised,archive/Train/Actor_14/03-01-08-02-02-01-14.wav
1172,surprised,archive/Train/Actor_14/03-01-08-01-01-01-14.wav
1173,fearful,archive/Train/Actor_14/03-01-06-02-01-01-14.wav
1174,surprised,archive/Train/Actor_14/03-01-08-01-02-01-14.wav
1175,fearful,archive/Train/Actor_14/03-01-06-02-02-01-14.wav
1176,fearful,archive/Train/Actor_14/03-01-06-01-01-01-14.wav
1177,surprised,archive/Train/Actor_14/03-01-08-02-01-01-14.wav
1178,disgust,archive/Train/Actor_14/03-01-07-02-01-01-14.wav
1179,neutral,archive/Train/Actor_14/03-01-01-01-01-02-14.wav
1180,disgust,archive/Train/Actor_14/03-01-07-01-02-01-14.wav
1181,disgust,archive/Train/Actor_14/03-01-07-01-01-01-14.wav
1182,disgust,archive/Train/Actor_14/03-01-07-02-02-01-14.wav
1183,neutral,archive/Train/Actor_14/03-01-01-01-02-02-14.wav
1184,sad,archive/Train/Actor_14/03-01-04-01-01-01-14.wav
1185,calm,archive/Train/Actor_14/03-01-02-02-01-02-14.wav
1186,calm,archive/Train/Actor_14/03-01-02-01-02-02-14.wav
1187,sad,archive/Train/Actor_14/03-01-04-02-02-01-14.wav
1188,calm,archive/Train/Actor_14/03-01-02-01-01-02-14.wav
1189,sad,archive/Train/Actor_14/03-01-04-02-01-01-14.wav
1190,sad,archive/Train/Actor_14/03-01-04-01-02-01-14.wav
1191,calm,archive/Train/Actor_14/03-01-02-02-02-02-14.wav
1192,angry,archive/Train/Actor_14/03-01-05-02-02-01-14.wav
1193,happy,archive/Train/Actor_14/03-01-03-01-02-02-14.wav
1194,happy,archive/Train/Actor_14/03-01-03-02-01-02-14.wav
1195,angry,archive/Train/Actor_14/03-01-05-01-01-01-14.wav
1196,happy,archive/Train/Actor_14/03-01-03-02-02-02-14.wav
1197,angry,archive/Train/Actor_14/03-01-05-01-02-01-14.wav
1198,angry,archive/Train/Actor_14/03-01-05-02-01-01-14.wav
1199,happy,archive/Train/Actor_14/03-01-03-01-01-02-14.wav
1200,disgust,archive/Train/Actor_07/03-01-07-01-02-01-07.wav
1201,disgust,archive/Train/Actor_07/03-01-07-02-01-01-07.wav
1202,neutral,archive/Train/Actor_07/03-01-01-01-01-02-07.wav
1203,disgust,archive/Train/Actor_07/03-01-07-02-02-01-07.wav
1204,neutral,archive/Train/Actor_07/03-01-01-01-02-02-07.wav
1205,disgust,archive/Train/Actor_07/03-01-07-01-01-01-07.wav
1206,surprised,archive/Train/Actor_07/03-01-08-01-01-01-07.wav
1207,fearful,archive/Train/Actor_07/03-01-06-02-01-01-07.wav
1208,fearful,archive/Train/Actor_07/03-01-06-01-02-01-07.wav
1209,surprised,archive/Train/Actor_07/03-01-08-02-02-01-07.wav
1210,fearful,archive/Train/Actor_07/03-01-06-01-01-01-07.wav
1211,surprised,archive/Train/Actor_07/03-01-08-02-01-01-07.wav
1212,surprised,archive/Train/Actor_07/03-01-08-01-02-01-07.wav
1213,fearful,archive/Train/Actor_07/03-01-06-02-02-01-07.wav
1214,happy,archive/Train/Actor_07/03-01-03-02-01-02-07.wav
1215,angry,archive/Train/Actor_07/03-01-05-01-01-01-07.wav
1216,angry,archive/Train/Actor_07/03-01-05-02-02-01-07.wav
1217,happy,archive/Train/Actor_07/03-01-03-01-02-02-07.wav
1218,angry,archive/Train/Actor_07/03-01-05-02-01-01-07.wav
1219,happy,archive/Train/Actor_07/03-01-03-01-01-02-07.wav
1220,happy,archive/Train/Actor_07/03-01-03-02-02-02-07.wav
1221,angry,archive/Train/Actor_07/03-01-05-01-02-01-07.wav
1222,calm,archive/Train/Actor_07/03-01-02-01-02-02-07.wav
1223,sad,archive/Train/Actor_07/03-01-04-02-02-01-07.wav
1224,sad,archive/Train/Actor_07/03-01-04-01-01-01-07.wav
1225,calm,archive/Train/Actor_07/03-01-02-02-01-02-07.wav
1226,sad,archive/Train/Actor_07/03-01-04-01-02-01-07.wav
1227,calm,archive/Train/Actor_07/03-01-02-02-02-02-07.wav
1228,calm,archive/Train/Actor_07/03-01-02-01-01-02-07.wav
1229,sad,archive/Train/Actor_07/03-01-04-02-01-01-07.wav
1230,sad,archive/Train/Actor_07/03-01-04-02-01-02-07.wav
1231,calm,archive/Train/Actor_07/03-01-02-01-01-01-07.wav
1232,calm,archive/Train/Actor_07/03-01-02-02-02-01-07.wav
1233,sad,archive/Train/Actor_07/03-01-04-01-02-02-07.wav
1234,calm,archive/Train/Actor_07/03-01-02-02-01-01-07.wav
1235,sad,archive/Train/Actor_07/03-01-04-01-01-02-07.wav
1236,sad,archive/Train/Actor_07/03-01-04-02-02-02-07.wav
1237,calm,archive/Train/Actor_07/03-01-02-01-02-01-07.wav
1238,angry,archive/Train/Actor_07/03-01-05-01-02-02-07.wav
1239,happy,archive/Train/Actor_07/03-01-03-02-02-01-07.wav
1240,happy,archive/Train/Actor_07/03-01-03-01-01-01-07.wav
1241,angry,archive/Train/Actor_07/03-01-05-02-01-02-07.wav
1242,happy,archive/Train/Actor_07/03-01-03-01-02-01-07.wav
1243,angry,archive/Train/Actor_07/03-01-05-02-02-02-07.wav
1244,angry,archive/Train/Actor_07/03-01-05-01-01-02-07.wav
1245,happy,archive/Train/Actor_07/03-01-03-02-01-01-07.wav
1246,fearful,archive/Train/Actor_07/03-01-06-02-02-02-07.wav
1247,surprised,archive/Train/Actor_07/03-01-08-01-02-02-07.wav
1248,surprised,archive/Train/Actor_07/03-01-08-02-01-02-07.wav
1249,fearful,archive/Train/Actor_07/03-01-06-01-01-02-07.wav
1250,surprised,archive/Train/Actor_07/03-01-08-02-02-02-07.wav
1251,fearful,archive/Train/Actor_07/03-01-06-01-02-02-07.wav
1252,fearful,archive/Train/Actor_07/03-01-06-02-01-02-07.wav
1253,surprised,archive/Train/Actor_07/03-01-08-01-01-02-07.wav
1254,disgust,archive/Train/Actor_07/03-01-07-01-01-02-07.wav
1255,neutral,archive/Train/Actor_07/03-01-01-01-02-01-07.wav
1256,disgust,archive/Train/Actor_07/03-01-07-02-02-02-07.wav
1257,neutral,archive/Train/Actor_07/03-01-01-01-01-01-07.wav
1258,disgust,archive/Train/Actor_07/03-01-07-02-01-02-07.wav
1259,disgust,archive/Train/Actor_07/03-01-07-01-02-02-07.wav
1260,surprised,archive/Train/Actor_13/03-01-08-01-02-02-13.wav
1261,fearful,archive/Train/Actor_13/03-01-06-02-02-02-13.wav
1262,fearful,archive/Train/Actor_13/03-01-06-01-01-02-13.wav
1263,surprised,archive/Train/Actor_13/03-01-08-02-01-02-13.wav
1264,fearful,archive/Train/Actor_13/03-01-06-01-02-02-13.wav
1265,surprised,archive/Train/Actor_13/03-01-08-02-02-02-13.wav
1266,surprised,archive/Train/Actor_13/03-01-08-01-01-02-13.wav
1267,fearful,archive/Train/Actor_13/03-01-06-02-01-02-13.wav
1268,disgust,archive/Train/Actor_13/03-01-07-01-01-02-13.wav
1269,disgust,archive/Train/Actor_13/03-01-07-02-02-02-13.wav
1270,neutral,archive/Train/Actor_13/03-01-01-01-02-01-13.wav
1271,disgust,archive/Train/Actor_13/03-01-07-02-01-02-13.wav
1272,neutral,archive/Train/Actor_13/03-01-01-01-01-01-13.wav
1273,disgust,archive/Train/Actor_13/03-01-07-01-02-02-13.wav
1274,calm,archive/Train/Actor_13/03-01-02-01-01-01-13.wav
1275,sad,archive/Train/Actor_13/03-01-04-02-01-02-13.wav
1276,sad,archive/Train/Actor_13/03-01-04-01-02-02-13.wav
1277,calm,archive/Train/Actor_13/03-01-02-02-02-01-13.wav
1278,sad,archive/Train/Actor_13/03-01-04-01-01-02-13.wav
1279,calm,archive/Train/Actor_13/03-01-02-02-01-01-13.wav
1280,calm,archive/Train/Actor_13/03-01-02-01-02-01-13.wav
1281,sad,archive/Train/Actor_13/03-01-04-02-02-02-13.wav
1282,happy,archive/Train/Actor_13/03-01-03-02-02-01-13.wav
1283,angry,archive/Train/Actor_13/03-01-05-01-02-02-13.wav
1284,angry,archive/Train/Actor_13/03-01-05-02-01-02-13.wav
1285,happy,archive/Train/Actor_13/03-01-03-01-01-01-13.wav
1286,angry,archive/Train/Actor_13/03-01-05-02-02-02-13.wav
1287,happy,archive/Train/Actor_13/03-01-03-01-02-01-13.wav
1288,happy,archive/Train/Actor_13/03-01-03-02-01-01-13.wav
1289,angry,archive/Train/Actor_13/03-01-05-01-01-02-13.wav
1290,angry,archive/Train/Actor_13/03-01-05-01-01-01-13.wav
1291,happy,archive/Train/Actor_13/03-01-03-02-01-02-13.wav
1292,happy,archive/Train/Actor_13/03-01-03-01-02-02-13.wav
1293,angry,archive/Train/Actor_13/03-01-05-02-02-01-13.wav
1294,happy,archive/Train/Actor_13/03-01-03-01-01-02-13.wav
1295,angry,archive/Train/Actor_13/03-01-05-02-01-01-13.wav
1296,angry,archive/Train/Actor_13/03-01-05-01-02-01-13.wav
1297,happy,archive/Train/Actor_13/03-01-03-02-02-02-13.wav
1298,sad,archive/Train/Actor_13/03-01-04-02-02-01-13.wav
1299,calm,archive/Train/Actor_13/03-01-02-01-02-02-13.wav
1300,calm,archive/Train/Actor_13/03-01-02-02-01-02-13.wav
1301,sad,archive/Train/Actor_13/03-01-04-01-01-01-13.wav
1302,calm,archive/Train/Actor_13/03-01-02-02-02-02-13.wav
1303,sad,archive/Train/Actor_13/03-01-04-01-02-01-13.wav
1304,sad,archive/Train/Actor_13/03-01-04-02-01-01-13.wav
1305,calm,archive/Train/Actor_13/03-01-02-01-01-02-13.wav
1306,disgust,archive/Train/Actor_13/03-01-07-01-02-01-13.wav
1307,neutral,archive/Train/Actor_13/03-01-01-01-01-02-13.wav
1308,disgust,archive/Train/Actor_13/03-01-07-02-01-01-13.wav
1309,neutral,archive/Train/Actor_13/03-01-01-01-02-02-13.wav
1310,disgust,archive/Train/Actor_13/03-01-07-02-02-01-13.wav
1311,disgust,archive/Train/Actor_13/03-01-07-01-01-01-13.wav
1312,fearful,archive/Train/Actor_13/03-01-06-02-01-01-13.wav
1313,surprised,archive/Train/Actor_13/03-01-08-01-01-01-13.wav
1314,surprised,archive/Train/Actor_13/03-01-08-02-02-01-13.wav
1315,fearful,archive/Train/Actor_13/03-01-06-01-02-01-13.wav
1316,surprised,archive/Train/Actor_13/03-01-08-02-01-01-13.wav
1317,fearful,archive/Train/Actor_13/03-01-06-01-01-01-13.wav
1318,fearful,archive/Train/Actor_13/03-01-06-02-02-01-13.wav
1319,surprised,archive/Train/Actor_13/03-01-08-01-02-01-13.wav
1320,fearful,archive/Train/Actor_19/03-01-06-02-01-02-19.wav
1321,surprised,archive/Train/Actor_19/03-01-08-01-01-02-19.wav
1322,surprised,archive/Train/Actor_19/03-01-08-02-02-02-19.wav
1323,fearful,archive/Train/Actor_19/03-01-06-01-02-02-19.wav
1324,surprised,archive/Train/Actor_19/03-01-08-02-01-02-19.wav
1325,fearful,archive/Train/Actor_19/03-01-06-01-01-02-19.wav
1326,fearful,archive/Train/Actor_19/03-01-06-02-02-02-19.wav
1327,surprised,archive/Train/Actor_19/03-01-08-01-02-02-19.wav
1328,disgust,archive/Train/Actor_19/03-01-07-01-02-02-19.wav
1329,neutral,archive/Train/Actor_19/03-01-01-01-01-01-19.wav
1330,disgust,archive/Train/Actor_19/03-01-07-02-01-02-19.wav
1331,neutral,archive/Train/Actor_19/03-01-01-01-02-01-19.wav
1332,disgust,archive/Train/Actor_19/03-01-07-02-02-02-19.wav
1333,disgust,archive/Train/Actor_19/03-01-07-01-01-02-19.wav
1334,sad,archive/Train/Actor_19/03-01-04-02-02-02-19.wav
1335,calm,archive/Train/Actor_19/03-01-02-01-02-01-19.wav
1336,calm,archive/Train/Actor_19/03-01-02-02-01-01-19.wav
1337,sad,archive/Train/Actor_19/03-01-04-01-01-02-19.wav
1338,calm,archive/Train/Actor_19/03-01-02-02-02-01-19.wav
1339,sad,archive/Train/Actor_19/03-01-04-01-02-02-19.wav
1340,sad,archive/Train/Actor_19/03-01-04-02-01-02-19.wav
1341,calm,archive/Train/Actor_19/03-01-02-01-01-01-19.wav
1342,angry,archive/Train/Actor_19/03-01-05-01-01-02-19.wav
1343,happy,archive/Train/Actor_19/03-01-03-02-01-01-19.wav
1344,happy,archive/Train/Actor_19/03-01-03-01-02-01-19.wav
1345,angry,archive/Train/Actor_19/03-01-05-02-02-02-19.wav
1346,happy,archive/Train/Actor_19/03-01-03-01-01-01-19.wav
1347,angry,archive/Train/Actor_19/03-01-05-02-01-02-19.wav
1348,angry,archive/Train/Actor_19/03-01-05-01-02-02-19.wav
1349,happy,archive/Train/Actor_19/03-01-03-02-02-01-19.wav
1350,happy,archive/Train/Actor_19/03-01-03-02-02-02-19.wav
1351,angry,archive/Train/Actor_19/03-01-05-01-02-01-19.wav
1352,angry,archive/Train/Actor_19/03-01-05-02-01-01-19.wav
1353,happy,archive/Train/Actor_19/03-01-03-01-01-02-19.wav
1354,angry,archive/Train/Actor_19/03-01-05-02-02-01-19.wav
1355,happy,archive/Train/Actor_19/03-01-03-01-02-02-19.wav
1356,happy,archive/Train/Actor_19/03-01-03-02-01-02-19.wav
1357,angry,archive/Train/Actor_19/03-01-05-01-01-01-19.wav
1358,calm,archive/Train/Actor_19/03-01-02-01-01-02-19.wav
1359,sad,archive/Train/Actor_19/03-01-04-02-01-01-19.wav
1360,sad,archive/Train/Actor_19/03-01-04-01-02-01-19.wav
1361,calm,archive/Train/Actor_19/03-01-02-02-02-02-19.wav
1362,sad,archive/Train/Actor_19/03-01-04-01-01-01-19.wav
1363,calm,archive/Train/Actor_19/03-01-02-02-01-02-19.wav
1364,calm,archive/Train/Actor_19/03-01-02-01-02-02-19.wav
1365,sad,archive/Train/Actor_19/03-01-04-02-02-01-19.wav
1366,disgust,archive/Train/Actor_19/03-01-07-01-01-01-19.wav
1367,disgust,archive/Train/Actor_19/03-01-07-02-02-01-19.wav
1368,neutral,archive/Train/Actor_19/03-01-01-01-02-02-19.wav
1369,disgust,archive/Train/Actor_19/03-01-07-02-01-01-19.wav
1370,neutral,archive/Train/Actor_19/03-01-01-01-01-02-19.wav
1371,disgust,archive/Train/Actor_19/03-01-07-01-02-01-19.wav
1372,surprised,archive/Train/Actor_19/03-01-08-01-02-01-19.wav
1373,fearful,archive/Train/Actor_19/03-01-06-02-02-01-19.wav
1374,fearful,archive/Train/Actor_19/03-01-06-01-01-01-19.wav
1375,surprised,archive/Train/Actor_19/03-01-08-02-01-01-19.wav
1376,fearful,archive/Train/Actor_19/03-01-06-01-02-01-19.wav
1377,surprised,archive/Train/Actor_19/03-01-08-02-02-01-19.wav
1378,surprised,archive/Train/Actor_19/03-01-08-01-01-01-19.wav
1379,fearful,archive/Train/Actor_19/03-01-06-02-01-01-19.wav
1380,fearful,archive/Train/Actor_21/03-01-06-01-02-02-21.wav
1381,surprised,archive/Train/Actor_21/03-01-08-02-02-02-21.wav
1382,surprised,archive/Train/Actor_21/03-01-08-01-01-02-21.wav
1383,fearful,archive/Train/Actor_21/03-01-06-02-01-02-21.wav
1384,surprised,archive/Train/Actor_21/03-01-08-01-02-02-21.wav
1385,fearful,archive/Train/Actor_21/03-01-06-02-02-02-21.wav
1386,fearful,archive/Train/Actor_21/03-01-06-01-01-02-21.wav
1387,surprised,archive/Train/Actor_21/03-01-08-02-01-02-21.wav
1388,disgust,archive/Train/Actor_21/03-01-07-02-01-02-21.wav
1389,neutral,archive/Train/Actor_21/03-01-01-01-01-01-21.wav
1390,disgust,archive/Train/Actor_21/03-01-07-01-02-02-21.wav
1391,disgust,archive/Train/Actor_21/03-01-07-01-01-02-21.wav
1392,disgust,archive/Train/Actor_21/03-01-07-02-02-02-21.wav
1393,neutral,archive/Train/Actor_21/03-01-01-01-02-01-21.wav
1394,sad,archive/Train/Actor_21/03-01-04-01-01-02-21.wav
1395,calm,archive/Train/Actor_21/03-01-02-02-01-01-21.wav
1396,calm,archive/Train/Actor_21/03-01-02-01-02-01-21.wav
1397,sad,archive/Train/Actor_21/03-01-04-02-02-02-21.wav
1398,calm,archive/Train/Actor_21/03-01-02-01-01-01-21.wav
1399,sad,archive/Train/Actor_21/03-01-04-02-01-02-21.wav
1400,sad,archive/Train/Actor_21/03-01-04-01-02-02-21.wav
1401,calm,archive/Train/Actor_21/03-01-02-02-02-01-21.wav
1402,angry,archive/Train/Actor_21/03-01-05-02-02-02-21.wav
1403,happy,archive/Train/Actor_21/03-01-03-01-02-01-21.wav
1404,happy,archive/Train/Actor_21/03-01-03-02-01-01-21.wav
1405,angry,archive/Train/Actor_21/03-01-05-01-01-02-21.wav
1406,happy,archive/Train/Actor_21/03-01-03-02-02-01-21.wav
1407,angry,archive/Train/Actor_21/03-01-05-01-02-02-21.wav
1408,angry,archive/Train/Actor_21/03-01-05-02-01-02-21.wav
1409,happy,archive/Train/Actor_21/03-01-03-01-01-01-21.wav
1410,happy,archive/Train/Actor_21/03-01-03-01-01-02-21.wav
1411,angry,archive/Train/Actor_21/03-01-05-02-01-01-21.wav
1412,angry,archive/Train/Actor_21/03-01-05-01-02-01-21.wav
1413,happy,archive/Train/Actor_21/03-01-03-02-02-02-21.wav
1414,angry,archive/Train/Actor_21/03-01-05-01-01-01-21.wav
1415,happy,archive/Train/Actor_21/03-01-03-02-01-02-21.wav
1416,happy,archive/Train/Actor_21/03-01-03-01-02-02-21.wav
1417,angry,archive/Train/Actor_21/03-01-05-02-02-01-21.wav
1418,calm,archive/Train/Actor_21/03-01-02-02-02-02-21.wav
1419,sad,archive/Train/Actor_21/03-01-04-01-02-01-21.wav
1420,sad,archive/Train/Actor_21/03-01-04-02-01-01-21.wav
1421,calm,archive/Train/Actor_21/03-01-02-01-01-02-21.wav
1422,sad,archive/Train/Actor_21/03-01-04-02-02-01-21.wav
1423,calm,archive/Train/Actor_21/03-01-02-01-02-02-21.wav
1424,calm,archive/Train/Actor_21/03-01-02-02-01-02-21.wav
1425,sad,archive/Train/Actor_21/03-01-04-01-01-01-21.wav
1426,neutral,archive/Train/Actor_21/03-01-01-01-02-02-21.wav
1427,disgust,archive/Train/Actor_21/03-01-07-02-02-01-21.wav
1428,disgust,archive/Train/Actor_21/03-01-07-01-01-01-21.wav
1429,disgust,archive/Train/Actor_21/03-01-07-01-02-01-21.wav
1430,neutral,archive/Train/Actor_21/03-01-01-01-01-02-21.wav
1431,disgust,archive/Train/Actor_21/03-01-07-02-01-01-21.wav
1432,surprised,archive/Train/Actor_21/03-01-08-02-01-01-21.wav
1433,fearful,archive/Train/Actor_21/03-01-06-01-01-01-21.wav
1434,fearful,archive/Train/Actor_21/03-01-06-02-02-01-21.wav
1435,surprised,archive/Train/Actor_21/03-01-08-01-02-01-21.wav
1436,fearful,archive/Train/Actor_21/03-01-06-02-01-01-21.wav
1437,surprised,archive/Train/Actor_21/03-01-08-01-01-01-21.wav
1438,surprised,archive/Train/Actor_21/03-01-08-02-02-01-21.wav
1439,fearful,archive/Train/Actor_21/03-01-06-01-02-01-21.wav
